-- MySQL dump 10.13  Distrib 5.6.10, for Win32 (x86)
--
-- Host: localhost    Database: KM
-- ------------------------------------------------------
-- Server version	5.6.10

/*!40101 SET @OLD_CHARACTER_SET_CLIENT=@@CHARACTER_SET_CLIENT */;
/*!40101 SET @OLD_CHARACTER_SET_RESULTS=@@CHARACTER_SET_RESULTS */;
/*!40101 SET @OLD_COLLATION_CONNECTION=@@COLLATION_CONNECTION */;
/*!40101 SET NAMES utf8 */;
/*!40103 SET @OLD_TIME_ZONE=@@TIME_ZONE */;
/*!40103 SET TIME_ZONE='+00:00' */;
/*!40014 SET @OLD_UNIQUE_CHECKS=@@UNIQUE_CHECKS, UNIQUE_CHECKS=0 */;
/*!40014 SET @OLD_FOREIGN_KEY_CHECKS=@@FOREIGN_KEY_CHECKS, FOREIGN_KEY_CHECKS=0 */;
/*!40101 SET @OLD_SQL_MODE=@@SQL_MODE, SQL_MODE='NO_AUTO_VALUE_ON_ZERO' */;
/*!40111 SET @OLD_SQL_NOTES=@@SQL_NOTES, SQL_NOTES=0 */;

--
-- Table structure for table `city`
--

DROP TABLE IF EXISTS `city`;
/*!40101 SET @saved_cs_client     = @@character_set_client */;
/*!40101 SET character_set_client = utf8 */;
CREATE TABLE `city` (
  `name` varchar(45) DEFAULT NULL,
  `cid` int(11) NOT NULL AUTO_INCREMENT,
  PRIMARY KEY (`cid`)
) ENGINE=InnoDB AUTO_INCREMENT=501 DEFAULT CHARSET=utf8;
/*!40101 SET character_set_client = @saved_cs_client */;

--
-- Dumping data for table `city`
--

LOCK TABLES `city` WRITE;
/*!40000 ALTER TABLE `city` DISABLE KEYS */;
INSERT INTO `city` VALUES ('Bangalore',1),('Bangalore',2),('Bidar',3),('Mysore',4),('Mysore',5),('Hyderabad',6),('Bangalore',7),('Bangalore',8),('Bangalore',9),(NULL,10),(NULL,11),(NULL,12),(NULL,13),(NULL,14),(NULL,15),(NULL,16),(NULL,17),(NULL,18),(NULL,19),(NULL,20),(NULL,21),(NULL,22),(NULL,23),(NULL,24),(NULL,25),(NULL,26),(NULL,27),(NULL,28),(NULL,29),(NULL,30),(NULL,31),(NULL,32),(NULL,33),(NULL,34),(NULL,35),(NULL,36),(NULL,37),(NULL,38),(NULL,39),(NULL,40),(NULL,41),(NULL,42),(NULL,43),(NULL,44),(NULL,45),(NULL,46),(NULL,47),(NULL,48),(NULL,49),(NULL,50),(NULL,51),(NULL,52),(NULL,53),(NULL,54),(NULL,55),(NULL,56),(NULL,57),(NULL,58),(NULL,59),(NULL,60),(NULL,61),(NULL,62),(NULL,63),(NULL,64),(NULL,65),(NULL,66),(NULL,67),(NULL,68),(NULL,69),(NULL,70),(NULL,71),(NULL,72),(NULL,73),(NULL,74),(NULL,75),(NULL,76),(NULL,77),(NULL,78),(NULL,79),(NULL,80),(NULL,81),(NULL,82),(NULL,83),(NULL,84),(NULL,85),(NULL,86),(NULL,87),(NULL,88),(NULL,89),(NULL,90),(NULL,91),(NULL,92),(NULL,93),(NULL,94),(NULL,95),(NULL,96),(NULL,97),(NULL,98),(NULL,99),(NULL,100),(NULL,101),(NULL,102),(NULL,103),(NULL,104),(NULL,105),(NULL,106),(NULL,107),(NULL,108),(NULL,109),(NULL,110),(NULL,111),(NULL,112),(NULL,113),(NULL,114),(NULL,115),(NULL,116),(NULL,117),(NULL,118),(NULL,119),(NULL,120),(NULL,121),(NULL,122),(NULL,123),(NULL,124),(NULL,125),(NULL,126),(NULL,127),(NULL,128),(NULL,129),(NULL,130),(NULL,131),(NULL,132),(NULL,133),(NULL,134),(NULL,135),(NULL,136),(NULL,137),(NULL,138),(NULL,139),(NULL,140),(NULL,141),(NULL,142),(NULL,143),(NULL,144),(NULL,145),(NULL,146),(NULL,147),(NULL,148),(NULL,149),(NULL,150),(NULL,151),(NULL,152),(NULL,153),(NULL,154),(NULL,155),(NULL,156),(NULL,157),(NULL,158),(NULL,159),(NULL,160),(NULL,161),(NULL,162),(NULL,163),(NULL,164),(NULL,165),(NULL,166),(NULL,167),(NULL,168),(NULL,169),(NULL,170),(NULL,171),(NULL,172),(NULL,173),(NULL,174),(NULL,175),(NULL,176),(NULL,177),(NULL,178),(NULL,179),(NULL,180),(NULL,181),(NULL,182),(NULL,183),(NULL,184),(NULL,185),(NULL,186),(NULL,187),(NULL,188),(NULL,189),(NULL,190),(NULL,191),(NULL,192),(NULL,193),(NULL,194),(NULL,195),(NULL,196),(NULL,197),(NULL,198),(NULL,199),(NULL,200),(NULL,201),(NULL,202),(NULL,203),(NULL,204),(NULL,205),(NULL,206),(NULL,207),(NULL,208),(NULL,209),(NULL,210),(NULL,211),(NULL,212),(NULL,213),(NULL,214),(NULL,215),(NULL,216),(NULL,217),(NULL,218),(NULL,219),(NULL,220),(NULL,221),(NULL,222),(NULL,223),(NULL,224),(NULL,225),(NULL,226),(NULL,227),(NULL,228),(NULL,229),(NULL,230),(NULL,231),(NULL,232),(NULL,233),(NULL,234),(NULL,235),(NULL,236),(NULL,237),(NULL,238),(NULL,239),(NULL,240),(NULL,241),(NULL,242),(NULL,243),(NULL,244),(NULL,245),(NULL,246),(NULL,247),(NULL,248),(NULL,249),(NULL,250),(NULL,251),(NULL,252),(NULL,253),(NULL,254),(NULL,255),(NULL,256),(NULL,257),(NULL,258),(NULL,259),(NULL,260),(NULL,261),(NULL,262),(NULL,263),(NULL,264),(NULL,265),(NULL,266),(NULL,267),(NULL,268),(NULL,269),(NULL,270),(NULL,271),(NULL,272),(NULL,273),(NULL,274),(NULL,275),(NULL,276),(NULL,277),(NULL,278),(NULL,279),(NULL,280),(NULL,281),(NULL,282),(NULL,283),(NULL,284),(NULL,285),(NULL,286),(NULL,287),(NULL,288),(NULL,289),(NULL,290),(NULL,291),(NULL,292),(NULL,293),(NULL,294),(NULL,295),(NULL,296),(NULL,297),(NULL,298),(NULL,299),(NULL,300),(NULL,301),(NULL,302),(NULL,303),(NULL,304),(NULL,305),(NULL,306),(NULL,307),(NULL,308),(NULL,309),(NULL,310),(NULL,311),(NULL,312),(NULL,313),(NULL,314),(NULL,315),(NULL,316),(NULL,317),(NULL,318),(NULL,319),(NULL,320),(NULL,321),(NULL,322),(NULL,323),(NULL,324),(NULL,325),(NULL,326),(NULL,327),(NULL,328),(NULL,329),(NULL,330),(NULL,331),(NULL,332),(NULL,333),(NULL,334),(NULL,335),(NULL,336),(NULL,337),(NULL,338),(NULL,339),(NULL,340),(NULL,341),(NULL,342),(NULL,343),(NULL,344),(NULL,345),(NULL,346),(NULL,347),(NULL,348),(NULL,349),(NULL,350),(NULL,351),(NULL,352),(NULL,353),(NULL,354),(NULL,355),(NULL,356),(NULL,357),(NULL,358),(NULL,359),(NULL,360),(NULL,361),(NULL,362),(NULL,363),(NULL,364),(NULL,365),(NULL,366),(NULL,367),(NULL,368),(NULL,369),(NULL,370),(NULL,371),(NULL,372),(NULL,373),(NULL,374),(NULL,375),(NULL,376),(NULL,377),(NULL,378),(NULL,379),(NULL,380),(NULL,381),(NULL,382),(NULL,383),(NULL,384),(NULL,385),(NULL,386),(NULL,387),(NULL,388),(NULL,389),(NULL,390),(NULL,391),(NULL,392),(NULL,393),(NULL,394),(NULL,395),(NULL,396),(NULL,397),(NULL,398),(NULL,399),(NULL,400),(NULL,401),(NULL,402),(NULL,403),(NULL,404),(NULL,405),(NULL,406),(NULL,407),(NULL,408),(NULL,409),(NULL,410),(NULL,411),(NULL,412),(NULL,413),(NULL,414),(NULL,415),(NULL,416),(NULL,417),(NULL,418),(NULL,419),(NULL,420),(NULL,421),(NULL,422),(NULL,423),(NULL,424),(NULL,425),(NULL,426),(NULL,427),(NULL,428),(NULL,429),(NULL,430),(NULL,431),(NULL,432),(NULL,433),(NULL,434),(NULL,435),(NULL,436),(NULL,437),(NULL,438),(NULL,439),(NULL,440),(NULL,441),(NULL,442),(NULL,443),(NULL,444),(NULL,445),(NULL,446),(NULL,447),(NULL,448),(NULL,449),(NULL,450),(NULL,451),(NULL,452),(NULL,453),(NULL,454),(NULL,455),(NULL,456),(NULL,457),(NULL,458),(NULL,459),(NULL,460),(NULL,461),(NULL,462),(NULL,463),(NULL,464),(NULL,465),(NULL,466),(NULL,467),(NULL,468),(NULL,469),(NULL,470),(NULL,471),(NULL,472),(NULL,473),(NULL,474),(NULL,475),(NULL,476),(NULL,477),(NULL,478),(NULL,479),(NULL,480),(NULL,481),(NULL,482),(NULL,483),(NULL,484),(NULL,485),(NULL,486),(NULL,487),(NULL,488),(NULL,489),(NULL,490),(NULL,491),(NULL,492),(NULL,493),(NULL,494),(NULL,495),(NULL,496),(NULL,497),(NULL,498),(NULL,499),(NULL,500);
/*!40000 ALTER TABLE `city` ENABLE KEYS */;
UNLOCK TABLES;

--
-- Table structure for table `current_issue`
--

DROP TABLE IF EXISTS `current_issue`;
/*!40101 SET @saved_cs_client     = @@character_set_client */;
/*!40101 SET character_set_client = utf8 */;
CREATE TABLE `current_issue` (
  `pci` int(11) NOT NULL AUTO_INCREMENT,
  `currentissue` int(11) DEFAULT NULL,
  PRIMARY KEY (`pci`)
) ENGINE=InnoDB AUTO_INCREMENT=2 DEFAULT CHARSET=utf8;
/*!40101 SET character_set_client = @saved_cs_client */;

--
-- Dumping data for table `current_issue`
--

LOCK TABLES `current_issue` WRITE;
/*!40000 ALTER TABLE `current_issue` DISABLE KEYS */;
INSERT INTO `current_issue` VALUES (1,64);
/*!40000 ALTER TABLE `current_issue` ENABLE KEYS */;
UNLOCK TABLES;

--
-- Table structure for table `district`
--

DROP TABLE IF EXISTS `district`;
/*!40101 SET @saved_cs_client     = @@character_set_client */;
/*!40101 SET character_set_client = utf8 */;
CREATE TABLE `district` (
  `name` varchar(45) DEFAULT NULL,
  `did` int(11) NOT NULL AUTO_INCREMENT,
  PRIMARY KEY (`did`),
  UNIQUE KEY `name_UNIQUE` (`name`)
) ENGINE=InnoDB AUTO_INCREMENT=54 DEFAULT CHARSET=utf8;
/*!40101 SET character_set_client = @saved_cs_client */;

--
-- Dumping data for table `district`
--

LOCK TABLES `district` WRITE;
/*!40000 ALTER TABLE `district` DISABLE KEYS */;
INSERT INTO `district` VALUES (NULL,48),('Bagalkot',47),('Bangalore',1),('Belgaum',27),('Bellary',39),('Bhopal',35),('Bidar',3),('Bijapur',9),('Calicut',52),('Chikkaballapur',31),('Chikmagalore',46),('Davangere',36),('Dharwar',45),('Gulbarga',10),('Hassan',43),('Haveri',8),('Hubli',49),('Hyderabad',6),('Kadi',53),('Kodagu',30),('Kolar',37),('Koppal',7),('Mandaya',42),('Mangalore',41),('Mumbai',32),('Mysore',5),('New Delhi',33),('Pune',40),('Raichur',34),('Shahupuri',29),('Shimoga',50),('Sindhanur',38),('Sira',19),('Tumkur',20),('Yadgir',51);
/*!40000 ALTER TABLE `district` ENABLE KEYS */;
UNLOCK TABLES;

--
-- Table structure for table `executive_details`
--

DROP TABLE IF EXISTS `executive_details`;
/*!40101 SET @saved_cs_client     = @@character_set_client */;
/*!40101 SET character_set_client = utf8 */;
CREATE TABLE `executive_details` (
  `eid` int(11) NOT NULL AUTO_INCREMENT,
  `name` varchar(45) DEFAULT NULL,
  `contactnumber` varchar(45) DEFAULT NULL,
  `joiningdate` varchar(45) DEFAULT NULL,
  `email` varchar(45) DEFAULT NULL,
  `address` varchar(45) DEFAULT NULL,
  `remarks` varchar(45) DEFAULT NULL,
  PRIMARY KEY (`eid`)
) ENGINE=InnoDB DEFAULT CHARSET=utf8;
/*!40101 SET character_set_client = @saved_cs_client */;

--
-- Dumping data for table `executive_details`
--

LOCK TABLES `executive_details` WRITE;
/*!40000 ALTER TABLE `executive_details` DISABLE KEYS */;
/*!40000 ALTER TABLE `executive_details` ENABLE KEYS */;
UNLOCK TABLES;

--
-- Table structure for table `login`
--

DROP TABLE IF EXISTS `login`;
/*!40101 SET @saved_cs_client     = @@character_set_client */;
/*!40101 SET character_set_client = utf8 */;
CREATE TABLE `login` (
  `id` int(11) NOT NULL AUTO_INCREMENT,
  `username` varchar(45) NOT NULL,
  `password` varchar(45) DEFAULT NULL,
  `usertype` varchar(45) DEFAULT NULL,
  PRIMARY KEY (`id`)
) ENGINE=InnoDB AUTO_INCREMENT=2 DEFAULT CHARSET=utf8;
/*!40101 SET character_set_client = @saved_cs_client */;

--
-- Dumping data for table `login`
--

LOCK TABLES `login` WRITE;
/*!40000 ALTER TABLE `login` DISABLE KEYS */;
INSERT INTO `login` VALUES (1,'km','km','admin');
/*!40000 ALTER TABLE `login` ENABLE KEYS */;
UNLOCK TABLES;

--
-- Table structure for table `personal_details`
--

DROP TABLE IF EXISTS `personal_details`;
/*!40101 SET @saved_cs_client     = @@character_set_client */;
/*!40101 SET character_set_client = utf8 */;
CREATE TABLE `personal_details` (
  `pid` int(11) NOT NULL AUTO_INCREMENT,
  `name` varchar(45) DEFAULT NULL,
  `contactnumber` varchar(45) DEFAULT NULL,
  `cocontactnumber` varchar(45) DEFAULT NULL,
  `addressline1` varchar(5000) DEFAULT NULL,
  `addressline2` varchar(100) DEFAULT NULL,
  `city` varchar(45) DEFAULT NULL,
  `dist` varchar(45) DEFAULT NULL,
  `state` varchar(45) DEFAULT NULL,
  `pincode` varchar(45) DEFAULT NULL,
  `landmark` varchar(100) DEFAULT NULL,
  `email` varchar(45) DEFAULT NULL,
  `createddate` varchar(10) DEFAULT NULL,
  `subscriptionfor` varchar(45) DEFAULT NULL,
  `noofissues` varchar(45) DEFAULT NULL,
  `subscriber` varchar(45) DEFAULT NULL,
  `marketing` varchar(45) DEFAULT NULL,
  `advertiser` varchar(45) DEFAULT NULL,
  `complementarysubscription` varchar(45) DEFAULT NULL,
  `subscribedby` varchar(45) DEFAULT NULL,
  `remarks` varchar(500) DEFAULT NULL,
  `archive` int(11) DEFAULT NULL,
  `fromissueno` int(11) DEFAULT NULL,
  `toissueno` int(11) DEFAULT NULL,
  `totalissues` int(11) DEFAULT NULL,
  `creditsubscribers` varchar(45) DEFAULT NULL,
  PRIMARY KEY (`pid`)
) ENGINE=InnoDB AUTO_INCREMENT=552 DEFAULT CHARSET=utf8;
/*!40101 SET character_set_client = @saved_cs_client */;

--
-- Dumping data for table `personal_details`
--

LOCK TABLES `personal_details` WRITE;
/*!40000 ALTER TABLE `personal_details` DISABLE KEYS */;
INSERT INTO `personal_details` VALUES (1,'Saleem Mohiuddin','9886306781','','No. 602, Ground Floor, \r\n21st Cross, \r\n1st Block, R.T. Nagar\r\nBangalore-560032','','','Bangalore','Karnataka','560032','','saleemmohi@gmail.com','11/05/2013','1 year','8','1','0','0','0','','',0,47,70,24,NULL),(2,'Aasra','8050907706','','No. 28, 6th Cross, \r\nVivani Road, Sagaya Puram\r\n Bangalore-560005','','','Bangalore','Karnataka','560005','','','11/05/2013','Life Time','224','1','0','0','0','','',0,47,286,240,NULL),(3,'Mohd. Siraj','','','H. No. 6-2-149, \r\nGulzar Theatre \r\nTalwadi \r\nBidar-585401','','','Bidar','Karnataka','585401','','','11/05/2013','1 year','8','1','0','0','0','','',0,47,70,24,NULL),(4,'Anwar Pasha','4246833','','No. 102, Fathima Manzil,\r\nKSRTC Block \r\nBannimantap \r\nMysore-570015','','','Mysore','Karnataka','570015','','','11/05/2013','1 year','8','1','0','0','0','','',0,47,70,24,NULL),(5,'I. Anis Parvin','9902087821','','1st Floor, 70/1, 7th Main,\r\nI.T.I. Layout \r\nBenson Town Post \r\nBangalore-560046','','','Bangalore','Karnataka','560046','','','11/05/2013','1 year','8','1','0','0','0','','',0,47,70,24,NULL),(6,'Dr. Syed Mukhtar Ahmed','9845808560','','10/9, (Up-Stair), 1st Main Road,\r\n 6th Cross, K.H.M. Block, \r\nR.T. Nagar Post \r\nBangalore-560032','','','Bangalore','Karnataka','560032','','','11/05/2013','2 years','32','1','0','0','0','','',0,47,94,48,NULL),(7,'Mir Afzal Hussain','8892632278','','597, 1st Stage, Main Road \r\nRajiv Nagar \r\nMysore-570019','','','Mysore','Karnataka','570019','','','11/05/2013','1 year','8','1','0','0','0','','',0,47,70,24,NULL),(8,'Suhim Sheikh','9845164555','','Flat 1E, La Royale Victoria, \r\nNo. 12, Stephens Road, \r\nFrazer Town \r\nBangalore-560005','','','Bangalore','Karnataka','560005','','suhim@yahoo.com','11/05/2013','2 years','32','1','0','0','0','','',0,47,94,48,NULL),(9,'Mohammed Zikria','9980604819','','No. 101, Ground Floor,\r\nMakan Road, Bhartinagar Cross \r\nBangalore-560001','','','Bangalore','Karnataka','560001','','','11/05/2013','1 year','8','1','0','0','0','','',0,47,70,24,NULL),(10,'Sadath Ali Khan','9980000096','','No. 404, 7th Cross, \r\n1st Block, \r\nJayanagar \r\nBangalore-560011','','','Bangalore','Karnataka','560011','','sadatkhan@gmail.com','11/05/2013','1 year','8','1','0','0','0','','',0,47,70,24,NULL),(11,'Shamshuddin Ahmed Ali','9731622722','','No. 14, 7th Main, \r\nIndiranagar 2nd Stage, \r\n(Behind Shanthi Sagar Hotel), \r\nCMH Road \r\nBangalore-560038','','','Bangalore','Karnataka','560038','','shamshuddina@yahoo.co.in','11/05/2013','1 year','8','1','0','0','0','','',0,47,70,24,NULL),(12,'Md. Zakir Ali Maqsood','9448050430','','No. 2A, Prem Nivas, \r\nDr. AMC Main Road, \r\nM.M. Layout, Kavalbyrasandra \r\nBangalore-560032','','','Bangalore','Karnataka','560032','','t.shaista@gmail.com','11/05/2013','1 year','8','1','0','0','0','','',0,47,70,24,NULL),(13,'Abdul Samad','9731266557','','No. 13, 2nd Main Road, \r\nRudra Extension, \r\nMathikere, \r\nBehind Iyer School \r\nBangalore-560054','','','Bangalore','Karnataka','560054','','suhail44.blr@gmail.com','11/05/2013','1 year','8','1','0','0','0','','',0,47,70,24,NULL),(14,'S.I. Hussain','9886345017','','No. 68, 14th Cross, 1st Block,\r\nR.T. Nagar \r\nBangalore-560032','','','Bangalore','Karnataka','560032','','hussany81@yahoo.co.in','11/05/2013','1 year','8','1','0','0','0','','',0,47,70,24,NULL),(15,'Abdul Baseer','9972272173','','No. 16/152, B.S.A. Road, \r\nTannery Road \r\nBangalore-560005','','','Bangalore','Karnataka','560005','','','11/05/2013','1 year','8','1','0','0','0','','',0,47,70,24,NULL),(16,'Mohammed Aijaz','9845142526','','No. 22, 2nd Cross, \r\nAnjaneppa Block, \r\nKrishnamma Garden, \r\nBenson Town Post \r\nBangalore-560046','','','Bangalore','Karnataka','560046','','koolz.e@gmail.com','11/05/2013','1 year','8','1','0','0','0','','',0,47,70,24,NULL),(17,'Syed Athar Hussain','9741193786','','Room No. 11 C of Hazrath Umar Muslim Boys Hostel, No. 209 B, Minhaj Nagar, Post J.P. Nagar Bangalore-560078','No. 209 B, Minhaj Nagar, Post J.P. Nagar','Bangalore','Bangalore','Karnataka','560078','','albilal.hussain@gmail.com','11/05/2013','1 year','8','1','0','0','0','','',0,47,70,24,NULL),(18,'Riaz Ahmed','8197554406','','No. 50/A, 6th Cross, \r\nCentral Excise Layout \r\nBhoopsandra \r\nBangalore-560094','','','Bangalore','Karnataka','560094','','','11/05/2013','1 year','8','1','0','0','0','','',0,47,70,24,NULL),(19,'Riyaz','9738883731','','No. 28, 1st Main, \r\nAyyappa Temple Road, \r\nHebbal, Kempapura \r\nBangalore-560024','','','Bangalore','Karnataka','560024','','','11/05/2013','1 year','8','1','0','0','0','','',0,47,70,24,NULL),(20,'Rafi Assadi H.M.','9663227764','','No. 5, CASA Enclave, \r\nAhmed Sait Road, \r\nFraser Town \r\nBangalore-560005','','','Bangalore','Karnataka','560005','','rafi.assadi@gmail.com','11/05/2013','1 year','8','1','0','0','0','','',0,47,70,24,NULL),(21,'Mohammed Afzal','9972666779','','No. 529, 2nd Cross, \r\nNear Uqba Masjid, \r\nThanisandra Road \r\nAshwathnagar, Thanisandra \r\nBangalore-560077','','','Bangalore','Karnataka','560077','','simaffu@gmail.com','11/05/2013','1 year','8','1','0','0','0','','',0,47,70,24,NULL),(22,'Zafer Mohiuddin','9448088247','','C/o. Zafer Architect\r\nNo. 12, 1st Main, 1st Block, \r\nR.T. Nagar \r\nBangalore-560032 ','','','Bangalore','Karnataka','560032','','zafermohi@gmail.com','11/05/2013','1 year','8','1','0','0','0','','',0,47,70,24,NULL),(23,'Syed Jalaluddin. M','9945198210','','C/o. Syed Jalaluddin. M & Company\r\nNo. 35, 1st Floor, \"Winsome Manor\" \r\nNandidurg Road, Jaymahal Ext., \r\nBangalore-560046','','','Bangalore','Karnataka','560046','','syedauditor@gmail.com','11/05/2013','1 year','8','1','0','0','0','','',0,47,70,24,NULL),(24,'Abdul Rashid, ','9686289119','','C/o. Edge\r\nSkip House Annex, \r\nNo. 25/1, Museum Road, \r\nNext to Brigade Tower \r\nBangalore-560025','','','Bangalore','Karnataka','560025','','rashid@edgesecurity.in','11/05/2013','1 year','8','1','0','0','0','','',0,47,70,24,NULL),(25,'Mohammed Ibrahim Pasha','9845081058','','C/o. Windsor Institute of \r\nManagement Studies, \r\nNo. 57-58,  Old Madras Road, \r\nMedahalli, K.R. Puram \r\nBangalore-560049','','','Bangalore','Karnataka','560049','','','11/05/2013','1 year','8','1','0','0','0','','',0,47,70,24,NULL),(26,'Mirza Feroz Baig','09246101800','','11-4-716/201 \r\nLakdikapul \r\nHyderabad-500004','','','Hyderabad','Andhra Pradesh','500004','','ferozbaig@gmail.com','11/05/2013','1 year','8','1','0','0','0','','',0,47,70,24,NULL),(27,'Sabiha Tabassum Begum','','','No. 362, 24th \'B\' Cross \r\nBanashankari 2nd Stage \r\nBangalore-560070','','','Bangalore','Karnataka','560070','','','11/05/2013','1 year','8','1','0','0','0','','',0,47,70,24,NULL),(28,'Iqbal Ansari','','','MLA Gangavati, \r\nKoppal Road \r\nGangavati \r\nKoppal-583231','','','Koppal','Karnataka','583231','','','11/05/2013','1 year','8','1','0','0','0','','',0,47,70,24,NULL),(29,'Dr. U.R. Ananthmurthy','','','No. 498, 6th \'A\' Main, \r\nRMV 2nd Stage \r\nDollar Collony \r\nBangalore-560094','','','Bangalore','Karnataka','560094','','','11/05/2013','1 year','8','1','0','0','0','','',0,47,70,24,NULL),(30,'Shamashuddin D. Baligar','9986915605','','Plot No. 123, 2nd Main, \r\n2nd Cross, Maruthinagar, \r\nRanebennur \r\nHaveri-581115','','','Haveri','Karnataka','581115','','sdbaligar@gmail.com','11/05/2013','1 year','8','1','0','0','0','','',0,47,70,24,NULL),(31,'Prabhu Patil','9448815524','','Fedina - Bijapur\r\n\"Uma Nivasa\" \r\nChalukaya Nagar \r\nSholapur Road \r\nBijapur-586103','','','Bijapur','Karnataka','586103','','','11/05/2013','1 year','8','1','0','0','0','','',0,47,70,24,NULL),(32,'Masood Khan','7676112424','','Al-Noor-e-Muhammad \r\nEducational & Social Trust, \r\nBlock No. 3 HIG, \r\nKHB Colony, \r\nKotnoor Layout \r\nGulbarga-585102','','','Gulbarga','Karnataka','585102','','','11/05/2013','1 year','8','1','0','0','0','','',0,47,70,24,NULL),(33,'Rajabakshi H.V.','9448183708','','Tagginkevi Street\r\nKoppal-583231','','','Koppal','Karnataka','583231','','','11/05/2013','1 year','8','1','0','0','0','','',0,47,70,24,NULL),(34,'Usman Ali Khan','','','65/1, 2nd Cross, Hutchins Road \r\nSt. Thomas Town \r\nBangalore-560084','','','Bangalore','Karnataka','560084','','','11/05/2013','3 years','56','1','0','0','0','','',0,47,118,72,NULL),(35,'T. Umair','','','No. 13, 1st Cross \r\nVivekananda Nagar \r\nBangalore-560032','','','Bangalore','Karnataka','560032','','','11/05/2013','1 year','8','1','0','0','0','','',0,47,70,24,NULL),(36,'Prof. Syed Manzoor Ahmed','','','HIG - 2 Badamakakan Layout Mysore-570007','Badamakakan Layout','','Mysore','Karnataka','570007','','','11/05/2013','1 year','8','1','0','0','0','','',0,47,70,24,NULL),(37,'Syed Sanaullah','23434262','','No. 14, 6th Main Road \r\nNandidurga Extension \r\nBangalore-560046','','','Bangalore','Karnataka','560046','','','11/05/2013','5 years','104','1','0','0','0','','',0,47,166,120,NULL),(38,'Gayaz Baig','9986822292','','Karnataka Steels, \r\nB.H. Road,\r\nNear Gubbi Gate \r\nTumkur-572101','','','Tumkur','Karnataka','572101','','','11/05/2013','1 year','8','1','0','0','0','','',0,47,70,24,NULL),(39,'Dr. Rehanuddin','','','HMS Health Centre, N.C. 24, \r\nH.M.S. Complex, M.G. Road \r\nTumkur-572101','','','Tumkur','Karnataka','572101','','','11/05/2013','1 year','8','1','0','0','0','','',0,47,70,24,NULL),(40,'Abdul Jabbar Sab','','','4th Main, 10th Cross, \r\nNear Flora Convent School \r\nGanesh Temple Road, \r\nSadashivnagar \r\nTumkur-572101','','','Tumkur','Karnataka','572101','','','11/05/2013','1 year','8','1','0','0','0','','',0,47,70,24,NULL),(41,'Kareem Khan','','','Behind Ganapati Temple, \r\nNew Bus Stand Road \r\nSira-572137','','','Sira','Karnataka','572137','','','11/05/2013','1 year','8','1','0','0','0','','',0,47,70,24,NULL),(42,'Jaffar Shariff','','','Aqsa Drug Agencies, \r\n1st Floor, Shruthi Mansion \r\n3rd Cross, M.G. Road \r\nTumkur-572101','','','Tumkur','Karnataka','572101','','','11/05/2013','1 year','8','1','0','0','0','','',0,47,70,24,NULL),(43,'Allabakash. K','','','D. No. 38, MIGH, \r\nK.H.B. Colony \r\nA.M. Palya, Siragate \r\nTumkur-572101','','','Tumkur','Karnataka','572101','','','11/05/2013','1 year','8','1','0','0','0','','',0,47,70,24,NULL),(44,'Mukkarram Sayeed','','','H-8, 2nd Floor, Global Complex \r\n5th Main, Vinobhanagar \r\nTumkur-572101','','','Tumkur','Karnataka','572101','','','11/05/2013','1 year','8','1','0','0','0','','',0,47,70,24,NULL),(45,'Huda Illumination Primary School','','','5th Cross, Veersagara \r\nTumkur-572101','','','Tumkur','Karnataka','572101','','','11/05/2013','1 year','8','1','0','0','0','','',0,47,70,24,NULL),(46,'G.M. Sultan Mohiuddin','','','1st Cross, Barline \r\nTumkur-572101','','','Tumkur','Karnataka','572101','','','11/05/2013','1 year','8','1','0','0','0','','',0,47,70,24,NULL),(47,'Shahnawaz Hussain','','','C/o. Citizen Agencies, \r\nP.M.R. Complex, Mandipet \r\nTumkur-572101','','','Tumkur','Karnataka','572101','','','11/05/2013','1 year','8','1','0','0','0','','',0,47,70,24,NULL),(48,'Mohammed Inamulla Khan','','','Opp Advocate Dawood Khan House, 9th Main 4th Cross, P.G. Layout Tumkur-572101','4th Cross, P.G. Layout','','Tumkur','Karnataka','572101','','','11/05/2013','1 year','8','1','0','0','0','','',0,47,70,24,NULL),(49,'M. Niazuddin Khan K.A.S. (Retd.)','9845077861','','B-209, Surya Kiran Apartment,\r\nNo. 42/1 \r\nNethaji Road, Fraser Town \r\nBangalore-560005','','','Bangalore','Karnataka','560005','','irshad13@hotmail.com','11/06/2013','2 years','32','1','0','0','0','','',0,47,94,48,NULL),(50,'M.A. Shariff','','','Khamar Manzil, \r\nC.S.I. Layout, 3rd Cross \r\nTumkur-572102','','','Tumkur','Karnataka','572102','','','11/06/2013','1 year','8','1','0','0','0','','',0,47,70,24,NULL),(51,'Abdul Khader','','','Vice President, \r\nGlobe Welfare Organisation \r\nMahaboob Nagar \r\nSira-572037','','','Sira','Karnataka','572037','','','11/06/2013','1 year','8','1','0','0','0','','',0,47,70,24,NULL),(52,'K. Nayaz Ahamed ','','','Alais Janatha Babu\r\nGulshan-e-Khasim, \r\nWestern Extn. \r\nNew K.N.S. Mill, \r\nSanthepet \r\nTumkur-572101','','','Tumkur','Karnataka','572101','','','11/06/2013','1 year','8','1','0','0','0','','',0,47,70,24,NULL),(53,'Prof. Syed Burhanuddin Sab','','','M.R.M. Road Jamiyanagar Sira-572137','','','Sira','Karnataka','572137','','','11/06/2013','1 year','8','1','0','0','0','','',0,47,70,24,NULL),(54,'Afroz Fathima Khanum, Advocate','','','B.M. Tota Main Road, \r\nNear Basavaraju Layout \r\nTumkur-572101','','','Tumkur','Karnataka','572101','','','11/06/2013','1 year','8','1','0','0','0','','',0,47,70,24,NULL),(56,'Syed Shoaib','9964188320','','No. 13/3, Church Road \r\nBasavanagudi \r\nBangalore-560004','','','Bangalore','Karnataka','560004','','shoaib7011986@yahoo.co.in','11/07/2013','1 year','8','1','0','0','0','','',0,47,70,24,NULL),(57,'Nisar Ahmed','9986296711','','No. 4816/D, Subhash Nagar \r\nOpp. Basanyoli Hom. \r\nMedical College \r\nBelgaum-590010','','','Belgaum','Karnataka','590010','','','11/07/2013','1 year','8','1','0','0','0','','',0,47,70,24,NULL),(58,'Anis Ahmed M. Sattar','9353006911','','Near Raddi Banglow, \r\nKudachi Tel \r\nRaibag \r\nKudchi\r\nBelgaum-591311','','','Belgaum','Karnataka','591311','','sattaranis@yahoo.com','11/07/2013','1 year','8','1','0','0','0','','',0,47,70,24,NULL),(59,'Munaver Sharieff','9740031943','','No.1403, 9th Cross, 13th Main \r\nBTM 2nd Stage \r\nBangalore-560076','','','Bangalore','Karnataka','560076','','','11/07/2013','1 year','8','1','0','0','0','','',0,47,70,24,NULL),(60,'Q. Firdouse Khan','9900124848','','No. 15, Apakempenna Halli, \r\nOpp. 13th Cross, \r\nWilson Garden \r\nNear Wilson Manor Apts. \r\nBangalore-560027','','','Bangalore','Karnataka','560027','','','11/07/2013','1 year','8','1','0','0','0','','',0,47,70,24,NULL),(61,'Dr. Muzaffer Assadi','','','No. 908, 3rd Main, \r\nN.K. URS Road \r\nSaraswatipuram \r\nMysore-570006','','','Mysore','Karnataka','570006','','','11/07/2013','1 year','8','1','0','0','0','','',0,47,70,24,NULL),(62,'Mohammed Usman (Osman)','9741892292','','C/o. Rahmatullah\r\nNo. 35, 13th Main, 5th Cross,\r\n(Near Sapthagiri Apartment), Kodihalli \r\nBangalore-560008','','','Bangalore','Karnataka','560008','','osmmamhuk66@gmail.com','11/07/2013','1 year','8','1','0','0','0','','',0,47,70,24,NULL),(63,'Ijaj Modi','09371052865','','Plot No. 7, \r\nGajanan Housing Society, \r\nNear Shahupuri Bus Stop \r\nPost Satara \r\nShahupuri-415002','','','Shahupuri','Maharashtra','415002','','','11/07/2013','2 years','32','1','0','0','0','','',0,47,94,48,NULL),(64,'Abdul Majeed','7795244283','','4th Main, 9th Cross, \r\nGuruppanpalya \r\nBannerghatta Road \r\nBangalore-560029','','','Bangalore','Karnataka','560029','','majeeddsr@gmail.com','11/07/2013','1 year','8','1','0','0','0','','',0,47,70,24,NULL),(65,'Khalid Anjum Saheb','900002846','','Twinkle Public School, \r\nNo. 19, Eidgah Complex \r\nTannery Road, Frazer Town \r\nBangalore-560005','','','Bangalore','Karnataka','560005','','','11/14/2013','Life Time','224','1','0','0','0','','',0,47,286,240,NULL),(66,'Mohammed Faisal Basha','2842888','28428889','C/o. Air Tech Controls\r\nNo. 1,2,3, Dargah Uttarahalli, Hobli,\r\nGottigere Tank, Nice Road Junction,\r\nBannerghatta Road,\r\nBangalore - 560083','','','Bangalore','Karnataka','560083','','','11/16/2013','1 year','8','1','0','0','0','','',0,47,70,24,NULL),(67,'Syed Zulfikhar Ahmed','23336737','','#5, 2nd Cross, \r\nMarappa Garden,\r\nJ.C.Nagar,\r\nBangalore-560006','','','Bangalore','Karnataka','560006','','','11/16/2013','1 year','8','1','0','0','0','','',0,47,70,24,NULL),(68,'Naveed Ahmed','9448855614','','No. 70-T-Upstairs, \r\n34th Cross, 11th Main Road, \r\nJayanagar 4 \'T\' Block\r\nJayanagar\r\nBangalore - 560041\r\n','','','Bangalore','Karnataka','560041','','','11/16/2013','5 years','104','1','0','0','0','','',0,47,166,120,NULL),(69,'Syeda Sadiya','9742586668','','Door No. 4, Munimarappa Street,\r\nA.T. Halli, Shantinagar\r\nBangalore - 560024',NULL,'','Bangalore','Karnataka','560024','','saria.sadiya@gmail.com','11/16/2013','1 year','8','1','0','0','0','','',0,47,70,24,NULL),(70,'Muhammed Zabiulla','9845028081','','Doordarshan Kendra\r\nJ.C. Nagar\r\nBangalore - 560006',NULL,'','Bangalore','Karnataka','560006','','','11/16/2013','1 year','8','1','0','0','0','','',0,47,70,24,NULL),(71,'Kaneez Fathima','','','C/o. Cresce Montessori\r\nNo. 4/2, Hall Road, \r\nRichards Town, \r\nNear Richards Park, \r\nBangalore-560005','','','Bangalore','Karnataka','560005','','','11/16/2013','1 year','8','1','0','0','0','','',0,47,70,24,NULL),(72,'Dr. Sayed Rushan Mulla','9343408433','','Post Hattimattur\r\nTq. Savanur\r\nDist. Haveri - 581118',NULL,'','Haveri','Karnataka','581118','','','11/16/2013','1 year','8','1','0','0','0','','',0,47,70,24,NULL),(73,'Prof. Zarina Khan','25467483','','No. 301, East Mansion, No. 2,\r\nHutchin Road, Cooke Town\r\nBangalore - 560005',NULL,'','Bangalore','Karnataka','560005','','','11/26/2013','1 year','8','1','0','0','0','','',0,47,70,24,NULL),(74,'Secab Institute of Engineering & Technology','08352276930','','No. 424, Nauraspur\r\nBagalkot Road\r\nBijapur - 586101',NULL,'','Bijapur','Karnataka','586101','','','11/26/2013','1 year','8','1','0','0','0','','',0,47,70,24,NULL),(75,'R.D. Attar, Advocate','9342069128','','Plot No. 1708, \r\nNear Ganesh Circlel, \r\nRamtirth Nagar\r\nBelgaum - 591265','','','Belgaum','Karnataka','591265','','','11/26/2013','1 year','8','1','0','0','0','','',0,47,70,24,NULL),(76,'K. Ifthekhar Ahmed','','','Editor Salar Daily\r\nNo. 46, 1st Main, \r\nKempiah Block\r\nJ.C. Nagar\r\nBangalore - 560006','','','Bangalore','Karnataka','560006','','','11/26/2013','1 year','8','1','0','0','0','','',0,47,70,24,NULL),(77,'Janab N.M. Ismail','9845734111','','No. 332, 10th Cross,\r\nPillana Garden, 3rd Stage\r\nBehind Ansar Mosque\r\nBangalore - 560045',NULL,'','Bangalore','Karnataka','560045','','famsho@yahoo.com','12/05/2013','1 year','9','1','0','0','0','','',0,48,71,24,NULL),(78,'Syed Asghar Ali','9945454561','','No. E-50, 10th Cross,\r\nShampur Main Raod,\r\nNear Ambedkar Medical College,\r\nBangalore - 560045',NULL,'','Bangalore','Karnataka','560045','','','12/05/2013','1 year','9','1','0','0','0','','',0,48,71,24,NULL),(79,'Nawab Jan @ Mujeeb-ur-Rehman, Advocate','9845325971','','No. 2, 1st Floor, Mutappa Compound\r\nOpp Glass Factory, Bus Stop\r\nNagwara Main Road, A.C. Post\r\nBangalore - 560045',NULL,'','Bangalore','Karnataka','560045','','','12/05/2013','1 year','9','1','0','0','0','','',0,48,71,24,NULL),(80,'Kauther Al Jeelani','9916860473','','No. 16/2, Serpentiwe St.\r\nRichmond Town\r\nBangalore - 560025',NULL,'','Bangalore','Karnataka','560025','','smgayasullaha@fldsolutions.com','12/05/2013','1 year','9','1','0','0','0','','',0,48,71,24,NULL),(81,'Hidayathulla K.','9663102379','','No. 552/A, Ileyaz Nagar,\r\nMuniappa Compound\r\nPipe Lane, J.P. Nagar Post\r\nBangalore - 560078',NULL,'','Bangalore','Karnataka','560078','','hidayath555@yahoo.com','12/05/2013','1 year','9','1','0','0','0','','',0,48,71,24,NULL),(82,'Zulfiquar Ahmed N.','9845063095','','No. 65/5, 1st Floor, Miller\'s Road\r\nNear Khadriya Masjid\r\nbenson Town Post\r\nBangalore - 560046',NULL,'','Bangalore','Karnataka','560046','','zulfiquarahmed@gmail.com','12/05/2013','1 year','9','1','0','0','0','','',0,48,71,24,NULL),(83,'Shahdaab Primary School','9845499172','','Eidgah Complex\r\nB.S.A. (Tannery Road)\r\nBangalore - 560005',NULL,'','Bangalore','Karnataka','560005','','','12/05/2013','2 years','33','1','0','0','0','','',0,48,95,48,NULL),(84,'Noor Mohammed','9008777725','','No. 18, 9th Main, 1st Cross\r\nB.G. Road, Near UCO Bank\r\nBangalore - 560029',NULL,'','Bangalore','Karnataka','560029','','mailnoormohammed@gmail.com','12/05/2013','2 years','33','1','0','0','0','','',0,48,95,48,NULL),(85,'Fahima Sultana','9036682553','','No. 13, 12th Cross,\r\nBSA Road, St. Thomas Town Post\r\nA-I- Function Hall Stnt\r\nBangalore - 560084',NULL,'','Bangalore','Karnataka','560084','','','12/05/2013','1 year','9','1','0','0','0','','',0,48,71,24,NULL),(86,'C.A. Rahman Co.','2558691','','No. 85/86, \r\nLubbay Masjid Street\r\nBangalore - 560001',NULL,'','Bangalore','Karnataka','560001','','','12/05/2013','1 year','9','1','0','0','0','','',0,48,71,24,NULL),(87,'Noor Ayesha','9686401795','','C/o. Iqra Junior\'s\r\nNo. 77, Ashray, 36th Main\r\nDollars Scheme, \r\nB.T.M. Layout, 1st Stage\r\nBangalore - 560068',NULL,'','Bangalore','Karnataka','560068','','ayesha@iisb.co','12/05/2013','3 years','57','1','0','0','0','','',0,48,119,72,NULL),(88,'Riaz Ahmed Khan','','','No. 18/3, Basement Floor\r\n1st Main Road\r\nGanganagar, R.T. Nagar\r\nBangalore - 560032',NULL,'','Bangalore','Karnataka','560032','','','12/05/2013','2 years','33','1','0','0','0','','',0,48,95,48,NULL),(89,'C.M. Gurikar','','','M/S. Manzusha Machinery\r\nNear Police Station\r\nPeenya 1st Stage\r\nBangalore - 560058',NULL,'','Bangalore','Karnataka','560058','','','12/05/2013','1 year','9','1','0','0','0','','',0,48,71,24,NULL),(90,'Shabbir Ahmed Mysore','9448867074','','MIG 1, 25, KHB Layout,\r\nAbu Hanifa Masjid,\r\nKalyagiri\r\nMysore - 570019','','','Mysore','Karnataka','570019','','','12/05/2013','1 year','9','1','0','0','0','','',0,48,71,24,NULL),(91,'Riyas. K.','9483506602','','JTO - BSNL\r\nPonnampet Telephone Exchange\r\nPonnampet\r\nKodagu - 571216','','','Kodagu','Karnataka','571216','','','12/05/2013','1 year','9','1','0','0','0','','',0,48,71,24,NULL),(92,'M.A. Vakil','41193293','','Vakil Housing Development Corporation Pvt. Ltd\r\nNo. 78, Koramangala Industrial Area\r\nJyothi Nivas College Road\r\nKoramangala\r\nBangalore - 560095',NULL,'','Bangalore','Karnataka','560095','','','12/05/2013','2 years','33','1','0','0','0','','',0,48,95,48,NULL),(93,'Afsar Pasha','','','M/s. Minar Indus Tries\r\nNo. C-288 & 289,\r\n8th Cross, 1st Stage\r\nPeenya Indl. Estate\r\nBangalore - 560058',NULL,'','Bangalore','Karnataka','560058','','','12/06/2013','2 years','33','1','0','0','0','','',0,48,95,48,NULL),(94,'Pyarejan','','','M/s. Nazeem Steels\r\nRajgopal Nagar\r\nPeenya 2nd Stage\r\nBangalore - 560058',NULL,'','Bangalore','Karnataka','560058','','','12/06/2013','2 years','33','1','0','0','0','','',0,48,95,48,NULL),(95,'Dr. Salma Banu','9686616565','','M/s. Complete Dento Care\r\nNo. 102, Ground Floor,\r\n3rd Block, 1st Stage,\r\nOpp. BSNL Office,\r\nHBR Layout\r\nBangalore - 560043',NULL,'','Bangalore','Karnataka','560043','','','12/06/2013','2 years','33','1','0','0','0','','',0,48,95,48,NULL),(96,'Shah Nizamuddin','9900009796','','No. 3, 100 Feet Ring Road,\r\n1st Stage, BTM Layout\r\n(Next to Suzuki Showroom)\r\nBangalore - 560068',NULL,'','Bangalore','Karnataka','560068','','nizam@momverbals.com','12/06/2013','2 years','33','1','0','0','0','','',0,48,95,48,NULL),(97,'Syed Farooq','9886611500','','No. 34, 9th Cross, 1st Main,\r\nKrishnappa Block,\r\nGanganagar, R.T. Nagar Post\r\nBangalore - 560032',NULL,'','Bangalore','Karnataka','560032','','syedfarooq8055@gmail.com','12/06/2013','1 year','9','1','0','0','0','','',0,48,71,24,NULL),(98,'Mohammed Salman','9986921585','','No. 111, 5th Cross,\r\nWilliam\'s Town\r\nBangalore - 560046',NULL,'','Bangalore','Karnataka','560046','','smustafa44@gmail.com','12/06/2013','1 year','9','1','0','0','0','','',0,48,71,24,NULL),(99,'Al-Baladul Ameen Tours International','9741367815','9845077917','No. 167/1, 9th F Main,\r\nBTM 1st Stage,\r\nBangalore - 560029',NULL,'','Bangalore','Karnataka','560029','','','12/09/2013','1 year','9','1','0','0','0','','',0,48,71,24,NULL),(100,'Shariff Tour & Travels','9740000095','08025490023','No. 83, 1st Floor, Nisa Enclave\r\nOpp. Bata Show Room,\r\nM.M. Road, Frazer Town,\r\nBangalore - 560005',NULL,'','Bangalore','Karnataka','560005','','','12/09/2013','1 year','9','1','0','0','0','','',0,48,71,24,NULL),(101,'Noorang Dawakhana','9964595444','','No. 103/7, 1st Floor, Surana Complex\r\nP & T Colony Bus Stop\r\nOpp. S.R. Function Hall,\r\nVenkateshpuram\r\nBangalore - 560045',NULL,'','Bangalore','Karnataka','560045','','','12/09/2013','1 year','9','1','0','0','0','','',0,48,71,24,NULL),(102,'Faizan Tours International','','','No. 130, 2nd Floor\r\n1st Stage, 3rd Block\r\n80 ft Road, HBR Layout\r\nBangalore - 560043',NULL,'','Bangalore','Karnataka','560043','','','12/09/2013','1 year','9','1','0','0','0','','',0,48,71,24,NULL),(103,'Aleena Tours International','9743377770','','Unit No. 4, 1st Floor, (Aslam Arcade)\r\nAbove Bata Showroom\r\nNo. 126, M.M. Road,\r\nFrazer Town\r\nBangalore - 560005',NULL,'','Bangalore','Karnataka','560005','','aleenatoursinternational@gmail.com','12/10/2013','1 year','9','1','0','0','0','','',0,48,71,24,NULL),(104,'Bangalore Gun House','','','No. 7, Ground Floor,\r\nMillia Building,\r\nN.R. Road,\r\nBangalore - 560002',NULL,'','Bangalore','Karnataka','560002','','bangaloreguns@yahoo.com','12/10/2013','1 year','9','1','0','0','0','','',0,48,71,24,NULL),(105,'A.F. Realtors','','','No. 53, Dinnur Main Road,\r\nKousar Nagar, R.T. Nagar,\r\nBangalore - 560032','','','Bangalore','Karnataka','560032','','','12/10/2013','1 year','9','1','0','0','0','','',0,48,71,24,NULL),(106,'Antrax Technologies','9343865920','','No. 669-M, 2nd Floor,\r\n1st Main, 80 Feet Road,\r\n1st Stage, 2nd Block,\r\nH.B.R. Layout,\r\nBangalore - 560043',NULL,'','Bangalore','Karnataka','560043','','antrax@vsnl.net','12/10/2013','1 year','9','1','0','0','0','','',0,48,71,24,NULL),(107,'Good Earth Products','8951751686','9036943480','No. 199, 1st Floor, \r\n9th Main, HMT Layout,\r\nBangalore - 560032',NULL,'','Bangalore','Karnataka','560032','','','12/10/2013','1 year','9','1','0','0','0','','',0,48,71,24,NULL),(108,'Teamtronix India (P) Ltd.','08041717000','','No. 61, M.D.M. Road,\r\nFraser Town,\r\nBangalore - 560005',NULL,'','Bangalore','Karnataka','560005','','info@teamtronix.in','12/10/2013','1 year','9','1','0','0','0','','',0,48,71,24,NULL),(109,'City Caterers','9243109118','9611302454','No. 45, Wahab Garden,\r\nS.K. Garden Main Road,\r\nBenson Town,\r\nBangalore - 560046',NULL,'','Bangalore','Karnataka','560046','','','12/10/2013','1 year','9','1','0','0','0','','',0,48,71,24,NULL),(110,'Asma Exclusive Perfume Shop','08022861699','','No. 21/1, Infantry Road,\r\nOpp. P.C. Mallappa,\r\nNear Medinova,\r\nBangalore - 560001',NULL,'','Bangalore','Karnataka','560001','','','12/10/2013','1 year','9','1','0','0','0','','',0,48,71,24,NULL),(111,'Aalwel Advertising Associates','22241313','','Jai Tulsi Chambers, \'Unit\' - 106\r\nNo. 12, K.H. Road,\r\nShantinagar,\r\nBangalore - 560027',NULL,'','Bangalore','Karnataka','560027','','','12/10/2013','1 year','9','1','0','0','0','','',0,48,71,24,NULL),(112,'M. Haroon Al Rasheed','23438972','','No. 26/2, 1st Cross,\r\nMarappa Garden,\r\nBenson Town Post,\r\nJ.C. Nagar\r\nBangalore - 560046',NULL,'','Bangalore','Karnataka','560046','','rasheed.haroonal@yahoo.com','12/10/2013','1 year','9','1','0','0','0','','',0,48,71,24,NULL),(113,'Yunus Pasha. A.','9880510810','','No. 10, 2nd Cross,\r\nSunkal Farm Layout,\r\nWilson Garden\r\nBangalore - 560030',NULL,'','Bangalore','Karnataka','560030','','sd.yunus@gmail.com','12/10/2013','1 year','9','1','0','0','0','','',0,48,71,24,NULL),(114,'A. Abdul Razack','','','No. 340 (32/15)\r\n22md Cross, Jayanagar\r\nBangalore - 560011',NULL,'','Bangalore','Karnataka','560011','','','12/10/2013','1 year','9','1','0','0','0','','',0,48,71,24,NULL),(115,'Mohamed Maraikayar','9845158833','','No. E66, Diamond District,\r\nOld Airport Road,\r\nBangalore - 560017',NULL,'','Bangalore','Karnataka','560017','','maraikayar@etastar.com','12/10/2013','2 years','33','1','0','0','0','','',0,48,95,48,NULL),(116,'Payare jan','9590094899','','MD Engineers Works\r\nBy Pass Road\r\nNear Railway Station\r\nTaluk Sidlaghatta\r\nDist Chikkaballapur - 562105','','','Chikkaballapur','Karnataka','562105','','','12/10/2013','1 year','9','1','0','0','0','','',0,48,71,24,NULL),(117,'Dr. Naseer Abbas','9845055263','','Mamata Clinic\r\nNelamangal\r\nBangaore - 562123',NULL,'','Bangalore','Karnataka','562123','','','12/23/2013','2 years','34','1','0','0','0','','',0,49,96,48,NULL),(118,'Paints Corner','41141903','','No. 16/1, Perikal Building\r\nGodown Street\r\nBangalore - 560002',NULL,'','Bangalore','Karnataka','560002','','','12/23/2013','2 years','34','1','0','0','0','','',0,49,96,48,NULL),(119,'Mansoor Ahmed','9008465161','','Royal Offset Printers\r\nBus Stand Circle\r\nKoratagere\r\nTumkur - 572129',NULL,'','Tumkur','Karnataka','572129','','','12/23/2013','1 year','10','1','0','0','0','','',0,49,72,24,NULL),(120,'Abdus Subhan Shaikh','09004833502','','No. 23 A/4, Takshila\r\nMahakali\r\nAndheri East\r\nMumbai - 400093',NULL,'','Mumbai','Maharashtra','400093','','','12/23/2013','2 years','34','1','0','0','0','','',0,49,96,48,NULL),(121,'A.U. Asif','','','No. 103, Tulip Apartments\r\nOkhla Head\r\nJamia Nagar\r\nNew Delhi - 110025',NULL,'','New Delhi','Delhi','110025','','','12/23/2013','1 year','10','1','0','0','0','','',0,49,72,24,NULL),(122,'Hameed','9845003786','','M/s. Glamour Video\r\nNo. 33, Castle Street,\r\nAshok Nagar\r\nBangalore - 560025',NULL,'','Bangalore','Karnataka','560025','','','12/23/2013','2 years','34','1','0','0','0','','',0,49,96,48,NULL),(123,'K. Ali','9986090905','','President, KMK Convent English High School\r\nBehind Govt. Kannada School\r\nCoconut Garden, Heganalli\r\nPeenya 2nd Stage\r\nBangalore - 560089',NULL,'','Bangalore','Karnataka','560089','','','12/23/2013','1 year','10','1','0','0','0','','',0,49,72,24,NULL),(124,'G. Ahamed Sharief Sab','9986721281','','Rtd. Inspector of Schools\r\nDevanga Street\r\nKoratagere\r\nTumkur - 572729',NULL,'','Tumkur','Karnataka','572729','','','12/23/2013','1 year','10','1','0','0','0','','',0,49,72,24,NULL),(125,'Haseeb Waheed','9686938333','','No. 16, Sterling East Apts.\r\nFlat No. 002\r\nRichard\'s Town\r\nBangalore - 560005',NULL,'','Bangalore','Karnataka','560005','','','12/23/2013','1 year','10','1','0','0','0','','',0,49,72,24,NULL),(126,'Kaiser Razak, KAS','9448140074','','No. 1-11-55/12\r\nVenkteshwara Colony\r\nLingsugur Road\r\nRaichur - 584101',NULL,'','Raichur','Karnataka','584101','','kaiserrazak@yahoo.co.in','12/23/2013','2 years','34','1','0','0','0','','',0,49,96,48,NULL),(127,'B.K. Mohammed Rahmathulla','9945637156','','No. 726, 3rd Cross\r\n2nd Stage, M.G. Road\r\nUdayagiri\r\nMysore - 570019',NULL,'','Mysore','Karnataka','570019','','','12/23/2013','1 year','10','1','0','0','0','','',0,49,72,24,NULL),(128,'Syed Shafi Ahmed','7795421321','','No. 656, 5th Cross\r\nBharat Mata Layout\r\nVenkateshpuram\r\nNagawara Main Road,\r\nArabic College Post\r\nBangalore - 560045','','','Bangalore','Karnataka','560045','','','12/23/2013','1 year','10','1','0','0','0','','',0,49,72,24,NULL),(129,'Adam Saheb','9886219798','','No. 1533/32, (Nargis)\r\n3rd Ramiya Layout\r\nKammanahalli\r\nBangalore - 560084',NULL,'','Bangalore','Karnataka','560084','','','12/23/2013','2 years','34','1','0','0','0','','',0,49,96,48,NULL),(130,'Mobashir Jawed','8197404455','','No. 633, 2nd Floor\r\nYellamma Layout\r\nKacharkanahalli\r\nNear Noorani Mosque\r\nBangalore - 560085',NULL,'','Bangalore','Karnataka','560085','','jawed.me@gmail.com','12/23/2013','1 year','10','1','0','0','0','','',0,49,72,24,NULL),(131,'Global Public School','9980526139','','No. 83/12, 1st Main Road\r\n17th Cross\r\nBapujinagar, Mysore Road\r\nBangalore - 560026',NULL,'','Bangalore','Karnataka','560026','','globalpublicschool.ar@gmail.com','12/23/2013','2 years','34','1','0','0','0','','',0,49,96,48,NULL),(132,'M.S. Fozan','9826017122','9301822260','FAS Computeronics\r\nNo. 37, Opp. Chowki Talayya\r\nBhopal',NULL,'','Bhopal','Madhya Pradesh','','','','12/23/2013','1 year','10','1','0','0','0','','',0,49,72,24,NULL),(133,'Maqsood Ahmed','9845271387','','No. 3351, 5th Cross\r\n12th Main Road\r\nH.A.L. 2nd Stage, Indiranagar\r\nBangalore - 560008',NULL,'','Bangalore','Karnataka','560008','','maqsood.ahmed387@gmail.com','12/23/2013','2 years','34','1','0','0','0','','',0,49,96,48,NULL),(134,'M. Syed Abdul Hameed','8105841080','','No. 81, 2nd Cross\r\nLakshmi Layout\r\nArekere, Bannerghatta Road\r\nBangalore - 560076',NULL,'','Bangalore','Karnataka','560076','','','12/23/2013','2 years','34','1','0','0','0','','',0,49,96,48,NULL),(135,'Firdous Saba','9845063364','','No. 1152, Rasool Layout\r\nSariapalya, 2nd Cross\r\nSRK Nagar Post\r\nBangalore - 560077',NULL,'','Bangalore','Karnataka','560077','','','12/23/2013','2 years','34','1','0','0','0','','',0,49,96,48,NULL),(136,'K3 Power Pack (P) Ltd.','9740081456','','No. B-122, \r\n3rd Main Road, 2nd Stage\r\nPeenya Industrial Estate\r\nBangalore - 560058',NULL,'','Bangalore','Karnataka','560058','','','12/23/2013','2 years','34','1','0','0','0','','',0,49,96,48,NULL),(137,'I.A. Mulla Advocate','9480422317','','Plot No. 35, Sector No. 12\r\nBeside Khusro Masjed\r\nMahantesh Nagar\r\nBelgaum - 590017',NULL,'','Belgaum','Karnataka','590017','','','12/23/2013','1 year','10','1','0','0','0','','',0,49,72,24,NULL),(138,'Syed Nooruddin Shah Khadri','9880292989','','No. 116, 6th \'D\' Main\r\nHMT Layout, R.T. Nagar\r\nOld Police Station Road\r\nBangalore - 560032',NULL,'','Bangalore','Karnataka','560032','','syed.nooruddin@yahoo.com','12/23/2013','2 years','34','1','0','0','0','','',0,49,96,48,NULL),(139,'Jaheer Altaf','9891341484','','No. 49/2, 6th Main\r\nBannerghatta Road,\r\nBTM 1st Stage\r\nGurappanpalya\r\nBangalore - 560068',NULL,'','Bangalore','Karnataka','560068','','j.altafpatel@yahoo.com','12/23/2013','1 year','10','1','0','0','0','','',0,49,72,24,NULL),(140,'Tahir Shariff','23724478','','No. B-381, 4th Main\r\n6th Cross\r\nPeenya 1st Stage\r\nBangalore - 560058',NULL,'','Bangalore','Karnataka','560058','','','12/23/2013','2 years','34','1','0','0','0','','',0,49,96,48,NULL),(141,'Mohammed Aslam MD.','9845263557','','No. 30/31, Muslim Hostel Complex\r\nChetana Hotel Road\r\nDavangere - 577022','','','Davangere','Karnataka','577022','','aslamtarget@yahoo.com','12/23/2013','1 year','10','1','0','0','0','','',0,49,72,24,NULL),(142,'Mohammed Sharafath','9448534370','','C/o. Sted Mustaq\r\nNo. 25, Top Floor\r\n4th Main, 3rd Cross,\r\nRahmathnagar,\r\nR.T. Nagar Post\r\nBangalore - 560032',NULL,'','Bangalore','Karnataka','560032','','mdsharafath@yahoo.com','12/23/2013','1 year','10','1','0','0','0','','',0,49,72,24,NULL),(143,'Dr. Mujeebur Rahman Khan','9880085435','','No. 575/A, \r\n3rd \"a\' Main Cross\r\nNorth East\r\nN.R. Mohalla\r\nMysore - 570007',NULL,'','Mysore','Karnataka','570007','','','12/23/2013','1 year','10','1','0','0','0','','',0,49,72,24,NULL),(144,'C.R. Md. Imtiaz','9448439449','9741848494','Chairman Karnataka State Minorities Education Institutions Management Federation\r\nRoom No. 207, 2nd Floor,\r\nTayeeb Building No. 126/125\r\nHKP Road, Broadway, Shivajinagar\r\nBangalore - 560051','','','Bangalore','Karnataka','560051','','','12/23/2013','1 year','10','1','0','0','0','','',0,49,72,24,NULL),(145,'Ahsan Ali','8088402184','','No. 52, Sena Vihar\r\nKammanahalli Main Road\r\nBangalore - 560043',NULL,'','Bangalore','Karnataka','560043','','feeadded@gmail.com','12/23/2013','1 year','10','1','0','0','0','','',0,49,72,24,NULL),(146,'Syed Mohid Altaf','','','State President\r\nJDS (Minority Cell)\r\nNo. 3J, 7th \'C\' Main,\r\n3rd Cross, 3rd Block\r\nKoramangala\r\nBangalore - 560034','','','Bidar','Karnataka','585401','','','01/02/2014','1 year','13','0','0','0',NULL,'','',0,NULL,NULL,NULL,'1'),(147,'Issam Syed','','','No. 128, 5th Main\r\nOfficers\' Colony, Byrasandra\r\nJayanagar 1st Block East\r\nBangalore - 560011',NULL,'','Bangalore','Karnataka','560011','','','01/04/2014','1 year','12','1','0','0','0','','',0,50,73,24,'0'),(148,'Javid Husain','9036772797','','No. 186, 6th Cross,\r\nNear Cell World, \'C\' Layout,\r\nBannimantap\r\nMysore - 570015','','','Mysore','Karnataka','570015','','','01/29/2014','2 years','37','1','0','0','0','','',0,52,99,48,NULL),(149,'Damani Muslim Husain','22104332','','No. 262, Akkithimman Halli (A.T. halli)\r\nOpp. Govt. Food Godown\r\n(End of A Street)\r\nShanthi Nagar\r\nBangalore - 560027',NULL,'','Bangalore','Karnataka','560027','','zmdamani@gmail.com','01/04/2014','1 year','12','1','0','0','0','','',0,50,73,24,'0'),(150,'Vikhar Ahmed Sayeed','','','No. 66, Spencer Road,\r\nFrazer Town,\r\nBangalore - 560005',NULL,'','Bangalore','Karnataka','560005','','','01/04/2014','1 year','12','1','0','0','0','','',0,50,73,24,'0'),(151,'Waheed-uz-Zama','9845043077','','No. 5, 2nd Cross,\r\nPemme Gowda Road,\r\nJ.C. Nagar,\r\nBangalore - 560006',NULL,'','Bangalore','Karnataka','560006','','','01/04/2014','1 year','12','1','0','0','0','','',0,50,73,24,'0'),(152,'Mahboob Ali Balagnur','9880158213','','Principle of Anjuman P.U. College\r\nSindgi,\r\nBijapur - 586128',NULL,'','Bijapur','Karnataka','586128','','','01/04/2014','2 years','36','1','0','0','0','','',0,50,97,48,'0'),(153,'Mubarak Bhagban','9945945900','','No. 427, Yalamma Temple Down,\r\nGoutam Nagar Post,\r\nBangarpet\r\nKolar - 563114',NULL,'','Kolar','Karnataka','563114','','','01/04/2014','1 year','12','1','0','0','0','','',0,50,73,24,'0'),(154,'Syed Muneer','9482537033','','Royal Academy Public School\r\n55/56, Ashwath Nagar,\r\n(Near Sadiq Layout)\r\nThanisandra,\r\nBangalore - 560077',NULL,'','Bangalore','Karnataka','560077','','','01/04/2014','1 year','12','1','0','0','0','','',0,50,73,24,'0'),(155,'Shaista Yusuf','','','Flat No. 201, 2nd Floor\r\nFordham House,\r\nHarris Road, Benson Town\r\nBangalore - 560046',NULL,'','Bangalore','Karnataka','560046','','','01/04/2014','1 year','12','1','0','0','0','','',0,50,73,24,'0'),(156,'Moulana Niyaz Ahmed','9972660053','','No. 71, 2nd Floor,\r\nRailway Layout, \r\nPillanna Garden, 3rd Stage\r\nBangalore - 560045',NULL,'','Bangalore','Karnataka','560045','','','01/04/2014','1 year','12','1','0','0','0','','',0,50,73,24,'0'),(157,'M.M. Shariff','9844153538','','No. 57, 1st Floor, 2nd Main\r\n3rd Cross, Near R.K. Palace,\r\nKaverni Nagar, \r\nR.T. Nagar Post,\r\nBangalore - 560032',NULL,'','Bangalore','Karnataka','560032','','','01/04/2014','1 year','12','1','0','0','0','','',0,50,73,24,'0'),(158,'Deputy Librarian','','','Tumkur University\r\nB.H. Road,\r\nTumkur - 572101',NULL,'','Tumkur','Karnataka','572101','','','01/04/2014','1 year','12','1','0','0','0','','',0,50,73,24,'0'),(159,'HBS Hospital','25541321','','No. 58, Cockburn Road\r\nBangalore - 560051','','','Bangalore','Karnataka','560051','','hbshospital@gmail.com','01/04/2014','','','0','0','0','1','','1',0,NULL,NULL,NULL,NULL),(160,'Altaf Hussain','9886850959','','No. 1155, Rajiv Nagar 1st Stage\r\nAlimiyan Street\r\nNear Nimra Masjid\r\nMysore - 570019',NULL,'','Mysore','Karnataka','570019','','','01/04/2014','1 year','13','0','0','0','0','','',0,50,73,24,'1'),(161,'Mohd. Habeeb Ahmed','9945365459','','No. 22, 1st Main,\r\n2nd Cross, S.R.K. Garden\r\nJayanagar\r\nBangalore - 560041',NULL,'','Bangalore','Karnataka','560041','','','01/04/2014','1 year','13','0','0','0','0','','',0,50,73,24,'1'),(163,'Muhammad Ali Murtuza','9740147785','','Vola Bellary Road\r\nPWD Camp\r\nSindhanur - 584128',NULL,'','Sindhanur','Karnataka','584128','','','01/04/2014','1 year','13','0','0','0','0','','',0,50,73,24,'1'),(164,'Syed Amjad Quadri, Lecturer','','','Wisdom Degree College\r\n1st Floor, Behind HDFC Bank\r\nKustagi Road\r\nSindhanur - 584128',NULL,'','Sindhanur','Karnataka','584128','','','01/04/2014','1 year','13','0','0','0','0','','',0,50,73,24,'1'),(165,'Mir Naveed Ahmed','9845022743','','B.Com, LLB\r\nCentral Service Centre\r\nBangarpet Road\r\nKolar - 563101',NULL,'','Kolar','Karnataka','563101','','','01/04/2014','1 year','13','0','0','0','0','','',0,50,73,24,'1'),(166,'Dr. Salam Musheer','9341220107','','No. 832, 16th Cross\r\n8th \'A\' Main, 1st Stage,\r\n2nd Block, HBR Layout\r\nBangalore - 560043',NULL,'','Bangalore','Karnataka','560043','','','01/04/2014','1 year','13','0','0','0','0','','',0,50,73,24,'1'),(167,'Syed Aftab Ahmed','9738448970','','Noorpura (V)\r\nSirnivaspur Taluk\r\nKolar - 563126','','','Kolar','Karnataka','563126','','','01/04/2014','1 year','13','0','0','0',NULL,'','',0,NULL,NULL,NULL,'1'),(168,'Dr. Syed Khudrathulla','9900328856','','No. 19, 2nd Floor,\r\n7-H Cross, Vinayak Nagar,\r\nJ.P. Nagar 5th Phase,\r\nBangalore - 560078','','','Bangalore','Karnataka','560078','','','01/20/2014','1 year','12','1','0','0','0','','',0,51,74,24,NULL),(169,'Noorula B. Chaus','9449715597','','At Post: Kudchi,\r\nTq. Raibag\r\nKudchi\r\nBelgaum - 591311','','','Belgaum','Karnataka','591311','','','01/20/2014','1 year','12','1','0','0','0','','',0,51,74,24,NULL),(170,'Rafath Alam','9731616055','','Flat No. 202, \r\nSawera Apartments,\r\n1st Stage, 3rd Block,\r\nOpp. BDA Complex,\r\nHBR Layout,\r\nBangalore - 560043',NULL,'','Bangalore','Karnataka','560043','','','01/20/2014','1 year','12','1','0','0','0','','',0,51,74,24,'0'),(171,'T. Abdul Gani','9742012521','','No. 26, 13th \'A\' Cross,\r\nUmarnagar, \r\nGovindapura Cross,\r\nA.C. Post,\r\nBangalore - 560045',NULL,'','Bangalore','Karnataka','560045','','','01/20/2014','1 year','12','1','0','0','0','','',0,51,74,24,'0'),(172,'Mohammed Yousuf','9886235183','','Western Interior\r\nNo. 2, Nagwara Main Road,\r\nNagwara,\r\nBangalore - 560045',NULL,'','Bangalore','Karnataka','560045','','','01/20/2014','2 years','36','1','0','0','0','','',0,51,98,48,'0'),(173,'Shahnawaz Pasha','9945227859','','Shop No. 65,\r\nS.N. Realtors,\r\nMuniswamappa Road, \r\nM.R. Palya, J.C. Nagar,\r\nBangalore - 560006',NULL,'','Bangalore','Karnataka','560006','','','01/20/2014','1 year','12','1','0','0','0','','',0,51,74,24,'0'),(174,'H. Wajid Ahmed','9448101786','','Advocate and Notary\r\nR.T. Road,\r\nSira - 572137',NULL,'','Sira','Karnataka','572137','','','01/20/2014','1 year','12','1','0','0','0','','',0,51,74,24,'0'),(175,'Muhammad Sirajuddin','','','No. 168, Near Thomas School,\r\n5th Cross, Ilyaz Nagar,\r\nJ.P. Nagar Post,\r\nBangalore - 560078',NULL,'','Bangalore','Karnataka','560078','','','01/20/2014','1 year','12','1','0','0','0','','',0,51,74,24,'0'),(176,'Mohibullah','9663790644','','H. No. 26, Plot No. 66,\r\n2nd Cross, Shankar Colony,\r\nS.N. Pet,\r\nBellary - 583103',NULL,'','Bellary','Karnataka','583103','','m.mohibullah@gmail.com','01/20/2014','1 year','12','1','0','0','0','','',0,51,74,24,'0'),(177,'Ahmed Khan','','','No. 118, 2nd Main,\r\nKanakanagar, \r\nNear R.K. Palace,\r\nR.T. Nagar Post,\r\nBangalore - 560032',NULL,'','Bangalore','Karnataka','560032','','','01/20/2014','1 year','12','1','0','0','0','','',0,51,74,24,'0'),(178,'Dr. M.S. Riyazulla','8553263364','','No. 02, Teacher\'s Society,\r\n1st Cross, \r\nBanashankari 2nd Stage\r\nBangalore - 560070',NULL,'','Bangalore','Karnataka','560070','','','01/20/2014','1 year','12','1','0','0','0','','',0,51,74,24,'0'),(179,'Anees Chishti','09890087779','','No. 116, Sterling House,\r\n1984, Convent Street,\r\nPune - 411001','','','Pune','Maharashtra','411001','','','01/20/2014','','','0','0','0','1','','1 year',0,NULL,NULL,NULL,NULL),(180,'Abdul Jaleel H.C.','9844081956','','President Masjid-ul-Khair\r\nNo. 10, Kalyan Nagar Main Road\r\nShakthi Garden,\r\nBangalore - 560078',NULL,'','Bangalore','Karnataka','560078','','','01/20/2014','1 year','13','0','0','0','0','','',0,51,74,24,'1'),(181,'S.S.A. Khader','9845222122','','Khykha-Al-Khriyya\r\nNo. 16, 5th \'B\' Street,\r\nUlsoor,\r\nBangalore - 560008',NULL,'','Bangalore','Karnataka','560008','','','01/20/2014','1 year','13','0','0','0','0','','',0,51,74,24,'1'),(182,'Zaheer Ahmed','','','Rtd. Principal\r\nNo. 10, 8th Cross,\r\n1st Stage, 2nd Block,\r\nHBR Layout,\r\nBangalore - 560043',NULL,'','Bangalore','Karnataka','560043','','','01/20/2014','1 year','13','0','0','0','0','','',0,51,74,24,'1'),(183,'Dr. Masood A.K. Ghouri','08022243908','','No. 52, Langford Road,\r\nBangalore - 560025','','','Bangalore','Karnataka','560025','','','01/20/2014','1 year','13','1','0','0','0','','',0,NULL,NULL,NULL,'0'),(184,'Nayaz Ahmed Khan','','','No. 71, 4th Cross,\r\n2nd Floor, Railway Layout,\r\nPillanna Garden, 3rd Stage,\r\nBangalore - 560045',NULL,'','Bangalore','Karnataka','560045','','','01/29/2014','1 year','14','1','0','0','0','','',0,51,75,25,'0'),(185,'Syed Aqeel Javed','08023334929','','No. 27, 3rd Cross,\r\nRajappa Block, J.C. Nagar\r\nBangalore - 560006',NULL,'','Bangalore','Karnataka','560006','','shadabjaved786@gmail.com','01/29/2014','1 year','13','1','0','0','0','','',0,52,75,24,'0'),(186,'Imran Khan','9663612486','','No. 274, 1st Floor, 8th Cross,\r\n2nd Main Road, R.T. nagar,\r\nBangalore - 560032',NULL,'','Bangalore','Karnataka','560032','','','01/29/2014','1 year','13','0','0','0','0','','',0,52,75,24,'1'),(187,'Zahoor Akram','9916019943','','No. 240, 8th Cross,\r\nGayatri Puram 2nd Stage,\r\nMysore - 570019',NULL,'','Mysore','Karnataka','570019','','','01/29/2014','1 year','13','1','0','0','0','','',0,52,75,24,'0'),(188,'M. Hasan','9845524038','','No. 11, C.I.T.B.M.I.G., 1st Floor,\r\nQuba Masjid Road,\r\nUdaiyagiri,\r\nMysore - 570019',NULL,'','Mysore','Karnataka','570019','','','01/29/2014','1 year','13','1','0','0','0','','',0,52,75,24,'0'),(189,'Amjad Pasha','9845298875','','D.D. Fashios\r\nNo. 2189, Sawday Road,\r\nOpp. M.E.S. School,\r\nMeena Bazar, Lashkar Mohalla,\r\nMysore - 570019','','','Mysore','Karnataka','570019','','','01/29/2014','1 year','13','1','0','0','0','','',0,52,75,24,NULL),(190,'Ajaz Ahmed Khan','9845300660','','No. 2489, Sultan Park Road,\r\nNandi Mohalla\r\nMysore - 570021',NULL,'','Mysore','Karnataka','570021','','','01/29/2014','1 year','13','1','0','0','0','','',0,52,75,24,'0'),(191,'Jabeen Taj','9880678903','','Glitters Institute\r\nNo. 45, 4th Cross,\r\nK.E.B. Colony, \r\nAbdul Rahman Road\r\nUdaiyagiri\r\nMysore - 570019',NULL,'','Mysore','Karnataka','570019','','','01/29/2014','1 year','13','1','0','0','0','','',0,52,75,24,'0'),(192,'Saif-uz-Zama','9916019002','','No. 181, 10th Cross,\r\nShivaji Road, N.R. Mohalla\r\nMysore - 570007',NULL,'','Mysore','Karnataka','570007','','','01/29/2014','1 year','13','1','0','0','0','','',0,52,75,24,'0'),(193,'Rafi Sharif','944875289','','No. 84, 1st Cross,\r\nBunimantap C Layout\r\nMysore - 570015',NULL,'','Mysore','Karnataka','570015','','','01/29/2014','2 years','37','1','0','0','0','','',0,52,99,48,'0'),(194,'M.D. Jaffer Sait','9741007600','','No. 83, 1st Cross,\r\nBanimantap C layout\r\nMysore - 570015',NULL,'','Mysore','Karnataka','570015','','','01/29/2014','2 years','37','1','0','0','0','','',0,52,99,48,'0'),(195,'Syed Abbas','9844339786','','No. 16/D, Opp. Abid Function Hall,\r\nBanimantap A Layout,\r\nIndustrial Layout\r\nMysore - 570015',NULL,'','Mysore','Karnataka','570015','','','01/29/2014','2 years','37','1','0','0','0','','',0,52,99,48,'0'),(196,'Syed Najmuddin','9611428289','','No. 181/A1 M.G. Road,\r\nNear Bilal Masjid,\r\nUdaiyagiri\r\nMysore - 570019',NULL,'','Mysore','Karnataka','570019','','','01/29/2014','2 years','37','1','0','0','0','','',0,52,99,48,'0'),(197,'Ummar Farooq','9916776470','','No. 210, 1st Floor, \r\n7th Cross, 4th Main,\r\nBanimantap C layout\r\nMysore - 570015',NULL,'','Mysore','Karnataka','570015','','','01/29/2014','2 years','37','1','0','0','0','','',0,52,99,48,'0'),(198,'Shuhaib Ahmed Khan','9448073905','','No. 1297, 7th Cross, \r\nChristian Colony,\r\nRajivnagar\r\nMysore - 570019',NULL,'','Mysore','Karnataka','570019','','','01/29/2014','2 years','37','1','0','0','0','','',0,52,99,48,'0'),(199,'M.K. Zaakir','9945100189','','No. 554, 3rd Cross,\r\nNear Tammaya Park,\r\nUdaiyagiri\r\nMysore - 570019',NULL,'','Mysore','Karnataka','570019','','','01/29/2014','2 years','37','1','0','0','0','','',0,52,99,48,'0'),(200,'Khizar Ali Khan','9975300120','','No. 1, 8th Cross,\r\n2nd Main Block 14,\r\nShakti Nagar\r\nMysore - 570029',NULL,'','Mysore','Karnataka','570029','','','01/29/2014','2 years','37','1','0','0','0','','',0,52,99,48,'0'),(201,'Iqbal Shariff','9448390632','','No. 189/2, 1st Cross,\r\nTilaknagar, Mandi Mohalla,\r\nMysore - 570021',NULL,'','Mysore','Karnataka','570021','','','01/29/2014','2 years','37','1','0','0','0','','',0,52,99,48,'0'),(202,'All Osra Hotel','9342566333','','No. 44, M.G. Road, \r\nNear Bilal Masjid,\r\nUdaiyagiri\r\nMysore - 570019',NULL,'','Mysore','Karnataka','570019','','','01/29/2014','2 years','37','1','0','0','0','','',0,52,99,48,'0'),(203,'Fayaz Pasha','9886616546','','No. 211, 3rd Cross,\r\nSiddiq Nagar,\r\nMysore - 570015','','','Mysore','Karnataka','570015','','','01/29/2014','2 years','37','1','0','0','0','','',0,52,99,48,NULL),(204,'Mohammad Zaid','8904021527','','No. 68, 4th Main, 3rd Cross\r\nBanimantap C Layout\r\nMysore - 570015',NULL,'','Mysore','Karnataka','570015','','','01/29/2014','2 years','37','1','0','0','0','','',0,52,99,48,'0'),(205,'Jameel Ahmed','9900717503','','No. 195, 2nd Cross, \r\nOpp. Family Planing hospital,\r\nM.G. Road, Udaiyagiri\r\nMysore - 570019',NULL,'','Mysore','Karnataka','570019','','','01/29/2014','2 years','37','1','0','0','0','','',0,52,99,48,'0'),(206,'Syed Murtaza','','','No. 522, 98th Cross,\r\nTank Road, N.R. Mohalla\r\nMysore - 570007',NULL,'','Mysore','Karnataka','570007','','','01/29/2014','2 years','37','1','0','0','0','','',0,52,99,48,'0'),(207,'B.M. Punekar','9986687948','','No. 194, 8th Cross,\r\n3rd Stage, Naidu Nagar\r\nMysore - 570007',NULL,'','Mysore','Karnataka','570007','','','01/29/2014','2 years','37','1','0','0','0','','',0,52,99,48,'0'),(208,'Mohammad Altaf Husain','08212563196','','No. 2746, sawday Road,\r\nMandi Mohalla\r\nMysore - 570021',NULL,'','Mysore','Karnataka','570021','','','01/29/2014','2 years','37','1','0','0','0','','',0,52,99,48,'0'),(209,'Syeda Shabana','7760928676','','No. 1396, 6th Cross,\r\n1st Stage\r\nBehind Hudadad Masjid,\r\nRajivnagar Main Road,\r\nMysore - 570019',NULL,'','Mysore','Karnataka','570019','','','01/29/2014','2 years','37','1','0','0','0','','',0,52,99,48,'0'),(210,'Nasirudin Shaikh','9945415503','','No. 709, 3rd Cross,\r\nM.G. Road, Udaiyagiri\r\nMysore - 570019',NULL,'','Mysore','Karnataka','570019','','','01/29/2014','1 year','13','1','0','0','0','','',0,52,75,24,'0'),(211,'Suhail Ahmed Vanji','9880202040','','No. 29, Ground Floor,\r\n8th Cross, Dinnur,\r\nR.T. Nagar,\r\nBangalore - 560032',NULL,'','Bangalore','Karnataka','560032','','','01/29/2014','2 years','37','1','0','0','0','','',0,52,99,48,'0'),(212,'Mazhar-un-Nisa','7760870813','','No. 56/K9, Behind Gayatri Takies\r\n3rd Cross, K.R. Mohalla\r\nMysore - 570024',NULL,'','Mysore','Karnataka','570024','','','01/29/2014','2 years','37','1','0','0','0','','',0,52,99,48,'0'),(213,'Amanulla Khan','9845118889','','No. 1, Rifah Complex,\r\nNew Victory Pharma,\r\nSayyaji Rao Road,\r\nMysore - 570021',NULL,'','Mysore','Karnataka','570021','','','01/29/2014','2 years','37','1','0','0','0','','',0,52,99,48,'0'),(214,'M.H. Abdul Hameed','9980657510','','No. 3013, Convent Road,\r\nLashkar Mohalla,\r\nMysore - 570001',NULL,'','Mysore','Karnataka','570001','','','01/29/2014','2 years','37','1','0','0','0','','',0,52,99,48,'0'),(216,'Mahmood K.P.','9620016033','','No. 54, Hudco, \r\nBanimantap, 1st Stage,\r\nMysore - 570015',NULL,'','Mysore','Karnataka','570015','','','01/29/2014','2 years','37','1','0','0','0','','',0,52,99,48,'0'),(217,'Caravan Family Restaurant','8892433372','','Near J.S.S. College,\r\nOpposite Loyal World Centre\r\nHudco,\r\nMysore - 570015',NULL,'','Mysore','Karnataka','570015','','','01/29/2014','2 years','37','1','0','0','0','','',0,52,99,48,'0'),(218,'HBS Frontier Heart & Lung Centre','','','HBS Hospital\r\nNo. 58, Cockburn Road,\r\nNear Bamboo Bazaar,\r\nShivajinagar,\r\nBangalore - 560051',NULL,'','Bangalore','Karnataka','560051','','hbs.fhlc@gmail.com','02/05/2014','1 year','13','1','0','0','0','','',0,52,75,24,'0'),(219,'Mahmood Hassan','9731028951','','Elite Marketing\r\nCutchi Memon Complex,\r\nAshoka Road\r\nMysore - 570001',NULL,'','Mysore','Karnataka','570001','','','02/05/2014','1 year','13','1','0','0','0','','',0,52,75,24,'0'),(220,'Sabiha Shafiuddin','9880018379','','No. 622, 22nd Main Road,\r\n36th Cross, 4th Block,\r\nJayanagar,\r\nBangalore - 560041',NULL,'','Bangalore','Karnataka','560041','','','02/05/2014','1 year','13','1','0','0','0','','',0,52,75,24,'0'),(221,'Farook Mahmood','9845014317','','C/o. Silver line\r\nNo. 201, Barton Centre,\r\n84 M.G. Road,\r\nBangalore - 560001',NULL,'','Bangalore','Karnataka','560001','','farook@silverlinerealty.com','02/11/2014','1 year','14','0','0','0','0','','',0,52,75,24,'1'),(222,'Shaik Ahmedullah Quraishi','9241703954','','Jamiat-e-Ulama-e-Ahlehadees Masjid-e-Fathima\r\nH. Cross, Govindpur Main Road,\r\nBangalore - 560045',NULL,'','Bangalore','Karnataka','560045','','urdhu_hindi@mooncalendar.in','02/11/2014','1 year','14','0','0','0','0','','',0,52,75,24,'1'),(223,'Abdul Jabbar','','','No. 41, A.J. Chambers,\r\nR.V. Road,\r\nBasvanagudi\r\nBangalore - 560004','','','Bangalore','Karnataka','560004','','','02/11/2014','1 year','14','0','0','0',NULL,'','',0,NULL,NULL,NULL,'1'),(224,'Nayeem Mujassim','08026543227','','No. 161/11, 7th Main Road,\r\nOfficial Colony,\r\n1st Block East,\r\nJayanagar,\r\nBangalore - 560011',NULL,'','Bangalore','Karnataka','560011','','','02/11/2014','1 year','14','0','0','0','0','','',0,52,75,24,'1'),(225,'F.R. Shariff','','','Regional Fire Officer Mangalore Range\r\nKadri Fire Station,\r\nKuntikana,\r\nNear A.J. Hospital,\r\nMangalore - 575004',NULL,'','Mangalore','Karnataka','575004','','','02/11/2014','1 year','14','0','0','0','0','','',0,52,75,24,'1'),(226,'Mohd. Mustafa','7411947022','','Lecturer in Political Science\r\nGovt. First Grade College\r\nSri Ranga Patna,\r\nMandaya - 571438',NULL,'','Mandaya','Karnataka','571438','','','02/11/2014','1 year','14','0','0','0','0','','',0,52,75,24,'1'),(227,'Siraj','7411888021','','C/o. Zee Decor Interior & Exterior\r\nNo. 57/1, 5th Cross,\r\nC.L. Ramaiah Layout,\r\nL.R. Bande Main Road,\r\nR.T. Nagar Post,\r\nBangalore - 560032',NULL,'','Bangalore','Karnataka','560032','','zee_decor@yahoo.com','02/11/2014','1 year','14','0','0','0','0','','',0,52,75,24,'1'),(228,'R. Vijaya Saraswathy','9845847815','9902157878','C/o. Godwin Academy\r\nNo. 90, Jogupalya Main Road,\r\nHalasuru,\r\nBangalore - 560008',NULL,'','Bangalore','Karnataka','560008','','godwinacademy@gmail.com','02/11/2014','1 year','14','0','0','0','0','','',0,52,75,24,'1'),(229,'Jaleel Ahmed','97452525888','','No. 2192, Meena Bazaar,\r\nSade Road,\r\nLashkar Mohalla,\r\nMysore - 570001',NULL,'','Mysore','Karnataka','570001','','','02/11/2014','1 year','14','1','0','0','0','','',0,52,75,24,'0'),(230,'Jaffer Shariff','','','C/o. Aqsa Drug Agency\r\n1st Floor, Shruthi Mension,\r\n2nd Cross, M.G. Road,\r\nTumkur - 572101',NULL,'','Tumkur','Karnataka','572101','','','02/11/2014','1 year','14','1','0','0','0','','',0,52,75,24,'0'),(231,'Shiraz Ibrahim','','','Transteel\r\nNo. 47, Linden Street,\r\nAustin Town,\r\nBangalore - 560047',NULL,'','Bangalore','Karnataka','560047','','shiraz@transteel.com','02/11/2014','1 year','14','0','0','0','0','','',0,52,75,24,'1'),(232,'Principal','9986846146','','Islamia Arabic College\r\nMansoora, Alur\r\nHassan - 573213',NULL,'','Hassan','Karnataka','573213','','','02/18/2014','1 year','14','0','0','0','0','','',0,53,76,24,'1'),(233,'IL & FS Institute of Skills','9900522318','','No. 309/2, Lakshya Towers,\r\n1st Floor, 1st Cross,\r\n5th Block, Koramangala\r\nBangalore - 560095',NULL,'','Bangalore','Karnataka','560095','','','02/18/2014','1 year','14','0','0','0','0','','',0,53,76,24,'1'),(234,'Mohd. Tariq Ali Khan','7204781290','','No. 5, Macca Masjid Complex,\r\nBazaar Street, Neelsandra\r\nBangalore - 560047',NULL,'','Bangalore','Karnataka','560047','','','02/18/2014','1 year','14','1','0','0','0','','',0,53,76,24,'0'),(235,'Shandar Muhammad','9481320786','','D. No. 518, MUDA\r\n2nd Stage, Main Road,\r\nRajive Nagar, Opp. Bawa Madicals\r\nMysore - 570019',NULL,'','Mysore','Karnataka','570019','','','02/18/2014','2 years','38','1','0','0','0','','',0,53,100,48,'0'),(236,'Dr. Rehman Patel','','','C/o. Syed Iqbal Ali\r\nNo. 7-888/B, \r\nNear Haj Committee,\r\nNaya Mohalla,\r\nGulbarga - 585104',NULL,'','Gulbarga','Karnataka','585104','','','02/25/2014','1 year','15','1','0','0','0','','',0,54,77,24,'0'),(237,'Ayyesha Kaneez','','','W/o. Janab Aslam Mastan\r\nNo. 35, 2nd Main,\r\n3rd Cross, Vinayakanagar,\r\n5th Phase, J.P. Nagar,\r\nBangalore - 560078',NULL,'','Bangalore','Karnataka','560078','','','02/25/2014','1 year','15','1','0','0','0','','',0,54,77,24,'0'),(238,'Noor Tareen, B.A., L.L.B.','9900822940','','C/o. N.P. Solicitors\r\nNo. 760, 5th Main,\r\n9th Cross, 2nd Block,\r\nR.T. Nagar,\r\nBangalore - 560032',NULL,'','Bangalore','Karnataka','560032','','','02/28/2014','2 years','39','1','0','0','0','','',0,54,101,48,'0'),(239,'M.M. Madiwale','9448691606','','H. No. 3964 (Ayesha Building)\r\nKatives, \r\nOpp. Sardars High School\r\nBelgaum - 590001',NULL,'','Belgaum','Karnataka','590001','','','02/28/2014','1 year','15','1','0','0','0','','',0,54,77,24,'0'),(240,'Syed Shoukath Pasha','9845177708','','No. 29, 1st Main Road,\r\n2nd Cross, Gangappa Block,\r\nGanganagar,\r\nBangalore - 560032',NULL,'','Bangalore','Karnataka','560032','','','02/28/2014','1 year','15','1','0','0','0','','',0,54,77,24,'0'),(241,'Syed Adill','','','Raymond Tailor\'s\r\n1st Floor, Bazaar Road,\r\nOpp. Radio Maidan,\r\nK.R. Nagar, \r\nMysore - 571602','','','Mysore','Karnataka','571602','','','02/28/2014','1 year','15','1','0','0','0','','',0,54,77,24,NULL),(242,'Furqaan Ahmed','7829954707','','No. 21/A, 8th Cross,\r\n1st Stage, Udaiyagiri,\r\nAziz Medical Store Street\r\nMysore - 570019',NULL,'','Mysore','Karnataka','570019','','','02/28/2014','2 years','39','1','0','0','0','','',0,54,101,48,'0'),(243,'Farooq Pasha','945613652','','No. 69, 5th Cross,\r\n1st Stage, Udaiyagiri,\r\nMysore - 570019',NULL,'','Mysore','Karnataka','570019','','','02/28/2014','2 years','39','1','0','0','0','','',0,54,101,48,'0'),(244,'M.D. Shokath Pasha','9901505727','','No. 487, 26th Main Road,\r\nOpp. Islamia Mosque,\r\nTilaknagar,\r\nBangalore - 560041',NULL,'','Bangalore','Karnataka','560041','','','02/28/2014','2 years','39','1','0','0','0','','',0,54,101,48,'0'),(245,'Mohammad Faraz','8867004659','','No. 188, 2nd Cross,\r\nM.G. Road, 2nd Stage,\r\nUdaiyagiri,\r\nMysore - 570019',NULL,'','Mysore','Karnataka','570019','','','02/28/2014','2 years','39','1','0','0','0','','',0,54,101,48,'0'),(246,'K. Farooq Ahmed','8861121486','','No. 1/A, 9th Cross,\r\nKatmanahalli, Tent Road,\r\nMahadevapura Main Road Cross,\r\nUdaiyagiri,\r\nMysore - 570019',NULL,'','Mysore','Karnataka','570019','','','02/28/2014','2 years','39','1','0','0','0','','',0,54,101,48,'0'),(247,'Rahman Shareef','9945614976','','No. 140/2, Opp. Citizen Convent,\r\nBehind Quba Masjid,\r\nUdaiyagiri,\r\nMysore - 570019',NULL,'','Mysore','Karnataka','570019','','','02/28/2014','2 years','39','1','0','0','0','','',0,54,101,48,'0'),(248,'Reshma Nikhath','9343121817','','No. 140/2, Near Citizen Convent Street,\r\nBehind Quba Masjid,\r\nUdaiyagiri,\r\nMysore - 570019',NULL,'','Mysore','Karnataka','570019','','','02/28/2014','2 years','39','1','0','0','0','','',0,54,101,48,'0'),(249,'Irfan Khan','9945373014','','No. 2/2, East, 4th Cross,\r\nM.G. Road, Near Indian Bank,\r\nUdaiyagiri,\r\nMysore - 570019',NULL,'','Mysore','Karnataka','570019','','','02/28/2014','2 years','39','1','0','0','0','','',0,54,101,48,'0'),(250,'Mansoor Ayaz','8147831009','','Muscle\'s Mania,\r\nBeside of  Bilal Masjid,\r\nM.G. road, Udaiyagiri,\r\nMysore - 570019\r\n',NULL,'','Mysore','Karnataka','570019','','','02/28/2014','2 years','39','1','0','0','0','','',0,54,101,48,'0'),(251,'Mohammad Sibgathulla Khan','8971153842','','No. 273, 2nd Cross,\r\nBehind Nimra Masjid,\r\nRajivnagar, 1st Stage,\r\nMysore - 570019',NULL,'','Mysore','Karnataka','570019','','','02/28/2014','2 years','39','1','0','0','0','','',0,54,101,48,'0'),(252,'N. Mohammad Yakhub','9449203424','','No. 16, C.I.T.B. Colony,\r\nQuba Masjid Road,\r\nUdaiyagiri,\r\nMysore - 570019',NULL,'','Mysore','Karnataka','570019','','','02/28/2014','2 years','39','1','0','0','0','','',0,54,101,48,'0'),(253,'Abdul Razaq','9886796700','','No. 757, West 2nd Cross,\r\nM.G. Road,\r\nUdaiyagiri,\r\nMysore - 570019',NULL,'','Mysore','Karnataka','570019','','','02/28/2014','2 years','39','1','0','0','0','','',0,54,101,48,'0'),(254,'Fayaz Pasha','9844192977','','No. 4, 8th Cross,\r\nShivaji Road,\r\nN.R. Mohalla,\r\nMysore - 570007',NULL,'','Mysore','Karnataka','570007','','','02/28/2014','2 years','39','1','0','0','0','','',0,54,101,48,'0'),(255,'Sardar Pasha','9886578006','','No. 171, 5th Cross,\r\n4th Main, \r\nBanimantap \'C\' Layout,\r\nMysore - 570019',NULL,'','Mysore','Karnataka','570019','','','02/28/2014','1 year','15','1','0','0','0','','',0,54,77,24,'0'),(256,'Azam Pasha','9060088801','','M.J. Mobiles\r\nNo. 13, Mahadevapura Main Road,\r\nOpp. J.S.S. High School,\r\nUdaiyagiri,\r\nMysore - 570019',NULL,'','Mysore','Karnataka','570019','','','02/28/2014','2 years','39','1','0','0','0','','',0,54,101,48,'0'),(257,'Syed Ajmal','945901447','','No. 27, Cross,\r\nMahadevapura Main Road,\r\n1st Stage, Udaiyagiri,\r\nMysore - 570019',NULL,'','Mysore','Karnataka','570019','','','02/28/2014','2 years','39','1','0','0','0','','',0,54,101,48,'0'),(258,'Abdul Wajeed','9880930839','','No. 42, 7th Cross,\r\n1st Stage, Udaiyagiri,\r\nMysore - 570019',NULL,'','Mysore','Karnataka','570019','','','02/28/2014','2 years','39','1','0','0','0','','',0,54,101,48,'0'),(259,'Alam. M.','9916779154','','No. 63, 1st Floor,\r\n2nd Cross, M.G. Road,\r\n2nd Stage, Udaiyagiri,\r\nMysore - 570019',NULL,'','Mysore','Karnataka','570019','','','02/28/2014','2 years','39','1','0','0','0','','',0,54,101,48,'0'),(260,'Mohammad Afzal','','','No. 11, 2nd Cross East,\r\nM.G. Road, 2nd Stage,\r\nUdaiyagiri,\r\nMysore - 570019',NULL,'','Mysore','Karnataka','570019','','','02/28/2014','2 years','39','1','0','0','0','','',0,54,101,48,'0'),(261,'Dr. Imtiyaz Mohammad Khan','9844576043','','No. 7, 2nd Cross East,\r\nM.G. Road, 2nd Stage,\r\nUdaiyagiri,\r\nMysore - 570019',NULL,'','Mysore','Karnataka','570019','','','02/28/2014','2 years','39','1','0','0','0','','',0,54,101,48,'0'),(262,'Peer Baig','9986395007','','Aamina Manzil\r\nNo. 20, 2nd Cross West,\r\nM.G. Road, 2nd Stage,\r\nUdaiyagiri,\r\nMysore - 570019',NULL,'','Mysore','Karnataka','570019','','','02/28/2014','2 years','39','1','0','0','0','','',0,54,101,48,'0'),(263,'Gowhar Almas','9900147864','','No. 23, 2nd Cross West,\r\nM.G. Road, 2nd Stage,\r\nUdaiyagiri,\r\nMysore - 570019',NULL,'','Mysore','Karnataka','570019','','','02/28/2014','2 years','39','1','0','0','0','','',0,54,101,48,'0'),(264,'Abdul Naseer','9980401092','','No. 24, 1st Floor,\r\n2nd Cross West, M.G. Road,\r\n2nd Stage, Udaiyagiri,\r\nMysore - 570019',NULL,'','Mysore','Karnataka','570019','','','02/28/2014','2 years','39','1','0','0','0','','',0,54,101,48,'0'),(265,'Gayaz Baig','8050809927','','Lorry Owner\r\nNo. 15, 2nd Cross West,\r\nM.G. Road, 2nd Stage,\r\nUdaiyagiri,\r\nMysore - 570019','','','Mysore','Karnataka','570019','','','02/28/2014','2 years','39','1','0','0','0','','',0,54,101,48,NULL),(266,'Mohammad','7411766746','','Azeez Medicals,\r\nMahadeva Main Road,\r\nOpp. J.S.S. High School,\r\nUdaiyagiri,\r\nMysore - 570019',NULL,'','Mysore','Karnataka','570019','','','02/28/2014','1 year','15','1','0','0','0','','',0,54,77,24,'0'),(267,'Ahmedullah Khan','986846134','','No. 11 C, 9th Cross,\r\nMahadevapura Main Road Cross,\r\nKathmanahalli, Tent Road,\r\nUdaiyagiri,\r\nMysore - 570019',NULL,'','Mysore','Karnataka','570019','','','02/28/2014','2 years','39','1','0','0','0','','',0,54,101,48,'0'),(268,'Mir Gulam Ahmed Pasha','9980659753','','Retired Engineer\r\nNo. 1/H, 9th Cross,\r\nKathmanahalli, Tent Road,\r\nMahadevapura Main Road Cross,\r\nUdaiyagiri,\r\nMysore - 570019','','','Mysore','Karnataka','570019','','','02/28/2014','2 years','39','1','0','0','0','','',0,54,101,48,NULL),(269,'Amjad','9900117863','','Alpha Furniture System & Interiors\r\nNo. 1, K.H.B. Shopping Complex,\r\nOpp. Lalbagh Siddapura Gate,\r\nJayanagar 1st Block,\r\nBangalore - 560011',NULL,'','Bangalore','Karnataka','560011','','amjad.alphagroup@gmail.com','02/28/2014','1 year','15','0','0','0','0','','',0,54,77,24,'1'),(270,'Syed Afham Raza','02022485033','','No. 20/1, Wellington Street,\r\nRichmond Town,\r\nBangalore - 560025',NULL,'','Bangalore','Karnataka','560025','','arshanbp@hotmail.com','02/28/2014','1 year','15','0','0','0','0','','',0,54,77,24,'1'),(271,'Markazul Ma\'arif Education & Research Centre','','','F-12/8-B, Jodabai Extn.,\r\nNear Nooh Masjid,\r\nJamia Nagar,\r\nNew Delhi - 110025',NULL,'','New Delhi','Delhi','110025','','','02/28/2014','1 year','15','0','0','0','0','','',0,54,77,24,'1'),(272,'Markazul Ma\'arif Education & Research Centre','','','Patliputra Nagar (Masjid)\r\nOshiwara, \r\nNew Link Road,\r\nJogeshwari (W),\r\nMumbai - 400102',NULL,'','Mumbai','Maharashtra','400102','','','02/28/2014','1 year','15','0','0','0','0','','',0,54,77,24,'1'),(273,'S.H. Quadri','','','Principal\r\nIqra National English School,\r\nHaft Gumbad,\r\nDarga Road,\r\nGulbarga - 585104',NULL,'','Gulbarga','Karnataka','585104','','','02/28/2014','1 year','15','0','0','0','0','','',0,54,77,24,'1'),(274,'Abdul Samad','','','Nawaz Lodge, Opp. SBH,\r\nKBN Darga, Rauza Buzurg,\r\nGulbarga - 585104',NULL,'','Gulbarga','Karnataka','585104','','','02/28/2014','1 year','15','0','0','0','0','','',0,54,77,24,'1'),(275,'The President','','','Indian Islamic School\r\nItehad Chowk,\r\nHagarga Road,\r\nGulbarga - 585104',NULL,'','Gulbarga','Karnataka','585104','','','02/28/2014','1 year','15','0','0','0','0','','',0,54,77,24,'1'),(276,'Mohammed Kaleemuddin','','','Chief Trustee\r\nTiny Pearls English School\r\nKhaja Colony,\r\nRauza Buzurg,\r\nGulbarga - 585104',NULL,'','Gulbarga','Karnataka','585104','','','02/28/2014','1 year','15','0','0','0','0','','',0,54,77,24,'1'),(277,'Rabiya Khanam','','','Principal\r\nHameed Pyare (TNR) B.Ed. College\r\nYadullah Colony,\r\nGulbarga - 585104',NULL,'','Gulbarga','Karnataka','585104','','','02/28/2014','1 year','15','0','0','0','0','','',0,54,77,24,'1'),(278,'The Principal','','','KCT College of Engineering\r\nQamar Colony\r\nGulbarga - 585104',NULL,'','Gulbarga','Karnataka','585104','','','02/28/2014','1 year','15','0','0','0','0','','',0,54,77,24,'1'),(279,'The Principal','','','Tipu Sultan Unani Medical College\r\nOpp. Islamabad Colony,\r\nRing Road,\r\nGulbarga - 585104',NULL,'','Gulbarga','Karnataka','585104','','','02/28/2014','1 year','15','0','0','0','0','','',0,54,77,24,'1'),(280,'The Principal','','','Hussain Public School\r\nHussain Garden, MSK Mills,\r\nGulbarga - 585103',NULL,'','Gulbarga','Karnataka','585103','','','02/28/2014','1 year','15','0','0','0','0','','',0,54,77,24,'1'),(281,'Abdul Hameed','','','Chairman\r\nLily Rose & Faraan High School\r\nDarga Road,\r\nGulbarga - 585104',NULL,'','Gulbarga','Karnataka','585104','','','02/28/2014','1 year','15','0','0','0','0','','',0,54,77,24,'1'),(282,'Nuzhat Salahuddin','','','Principal\r\nNew Noble Girls School\r\nStation Bazar, \r\nMSK Mills Road,\r\nGulbarga - 585102',NULL,'','Gulbarga','Karnataka','585102','','','02/28/2014','1 year','15','0','0','0','0','','',0,54,77,24,'1'),(283,'Haji Kareem','','','President\r\nShaheen English School\r\nM.G. Road, Sangtarashwadi,\r\nGulbarga - 585102',NULL,'','Gulbarga','Karnataka','585102','','','02/28/2014','1 year','15','0','0','0','0','','',0,54,77,24,'1'),(284,'Dr. Shahed Pasha','','','No. 11-104/34,\r\nJeelanabad, Iqbal Colony,\r\nMSK Mills,\r\nGulbarga - 585103',NULL,'','Gulbarga','Karnataka','585103','','','02/28/2014','1 year','15','0','0','0','0','','',0,54,77,24,'1'),(285,'The President','','','Bahmani Educational & Cultural Association\r\nC/o. Ayaz Photo Studio,\r\nOpp. Roza Police Station,\r\nRauza Buzurg,\r\nGulbargar - 585104',NULL,'','Gulbarga','Karnataka','585104','','','02/28/2014','1 year','15','0','0','0','0','','',0,54,77,24,'1'),(286,'Shaikh Aejazuddin','','','Proprietor\r\nAejaz Advertising Agency\r\n\'AENA\' Cottage,\r\nBhagvati Nagar,\r\nMSK Mills Road,\r\nGulbarga - 585103',NULL,'','Gulbarga','Karnataka','585103','','','02/28/2014','1 year','15','0','0','0','0','','',0,54,77,24,'1'),(287,'Rizwan Naseer Khan','9900566786','','Founder President\r\nMuslim Employees Federation (R)\r\nNo. 4, 2nd Cross,\r\nMohammadia Colony, Cowl Bazaar\r\nBellary - 583102',NULL,'','Bellary','Karnataka','583102','','aaryenkhan@yahoo.com','03/07/2014','1 year','16','0','0','0','0','','',0,54,77,24,'1'),(288,'Mukthar Pasha','7760457171','','No. 2665, 2nd Stage,\r\n2nd Phase, Rajivnagar,\r\nNear ring road,\r\nMysore - 570019','','','Mysore','Karnataka','570019','','','03/07/2014','1 year','16','1','0','0','0','','',0,54,77,24,NULL),(289,'Taj Ahmed Ansari','9845702704','','No. 50, 1st Floor,\r\nLIG KHB Colony,\r\nQuba Masjid Road, \r\nUdayagiri,\r\nMysore - 570019',NULL,'','Mysore','Karnataka','570019','','','03/07/2014','1 year','16','1','0','0','0','','',0,54,77,24,'0'),(290,'P. Mohammed Abdulla','9448880202','','No. 51, 5th Cross,\r\nKanakanagar, \r\nKHB Main Road,\r\nR.T. Nagar Post,\r\nBangalore - 560032','','','Bangalore','Karnataka','560032','','','03/07/2014','1 year','16','1','0','0','0','','',0,54,77,24,NULL),(291,'Atheeq Ahmed Shariff','9845805959','','No. 33, \'Shariff Manzil\',\r\n1st Cross, Kouser Nagar,\r\nDinnur Main Road,\r\nR.T. Nagar,\r\nBangalore - 560032',NULL,'','Bangalore','Karnataka','560032','','shariffatheeq@gmail.com','03/07/2014','1 year','16','1','0','0','0','','',0,54,77,24,'0'),(292,'Mohamed Zubair','9611970459','','No. 45, 1st Main, \r\n5th Cross, 2nd Floor,\r\nEx-Servicemen Colony,\r\nR.T. Nagar,\r\nBangalore - 560032',NULL,'','Bangalore','Karnataka','560032','','mohamedzubair61@yahoo.com','03/07/2014','1 year','16','1','0','0','0','','',0,54,77,24,'0'),(293,'Mohammed Nasrulla Khan','9986101210','','No. 96, 2nd Main,\r\n2nd Cross, 1st Floor,\r\nNear Tipu Park,\r\nUdayagiri,\r\nMysore - 570019',NULL,'','Mysore','Karnataka','570019','','','03/07/2014','1 year','16','1','0','0','0','','',0,54,77,24,'0'),(294,'Dr. Rank Nazeer Ahmed','9739002547','','C/o. Delixus\r\nNo. 4, 9th Cross,\r\nJayamahal Main Road,\r\nJayamahal Extension,\r\nBangalore - 560046',NULL,'','Bangalore','Karnataka','560046','','','03/07/2014','1 year','16','1','0','0','0','','',0,54,77,24,'0'),(295,'Y.H. Rasool Khan','8453567660','','No. 16, 1st Main, Edga Road,\r\nNear Razaak Fair Price Shop,\r\nBhoopasandra, RMV 2nd Stage,\r\nSanjaynagar Post,\r\nBangalore - 560094',NULL,'','Bangalore','Karnataka','560094','','yhrasoolkhan@gmail.com','03/07/2014','1 year','16','1','0','0','0','','',0,54,77,24,'0'),(296,'Fazlunnisa','9845897215','','No. 18, 3rd Floor,\r\nA.M. Road,\r\nFrazer Town,\r\nBangalore - 560005',NULL,'','Bangalore','Karnataka','560005','','','03/07/2014','1 year','16','1','0','0','0','','',0,54,77,24,'0'),(297,'Dr. Abdul Waheed','9740064090','','No. 25/2, Bore Bank Road,\r\n5th Cross, Samhitha Oaks,\r\nBenson Town,\r\nBangalore - 560046',NULL,'','Bangalore','Karnataka','560046','','','03/07/2014','1 year','16','1','0','0','0','','',0,54,77,24,'0'),(298,'B.K. Arshad','','','No. 45/1, Millers Road Cross,\r\nBenson Town,\r\nBangalore - 560046',NULL,'','Bangalore','Karnataka','560046','','','03/07/2014','1 year','16','1','0','0','0','','',0,54,77,24,'0'),(299,'Humayun Sait','9341946697','','F-4 Gold Heights Apartments,\r\nMillers Road, 2nd Cross,\r\nBenson Town,\r\nBangalore - 560046',NULL,'','Bangalore','Karnataka','560046','','','03/07/2014','1 year','16','1','0','0','0','','',0,54,77,24,'0'),(300,'Furkhan','9019632860','','No. 15, 16th Cross,\r\nJai Bharathnagar,\r\nBangalore - 560033',NULL,'','Bangalore','Karnataka','560033','','furkhanhaq@yahoo.co.in','03/07/2014','2 years','40','1','0','0','0','','',0,54,101,48,'0'),(301,'M.S. Riyazullah','','','No. 2, Teacher Society,\r\n1st Cross,\r\nBanshankari 2nd Stage,\r\nBangalore - 560070',NULL,'','Bangalore','Karnataka','560070','','','03/07/2014','1 year','16','1','0','0','0','','',0,54,77,24,'0'),(302,'M.K. Shareef','9901672797','','No. 34/C, Behind Bharat Petrol Bank,\r\nAziz Sait Road,\r\nUdaiyagiri,\r\nMysore - 570019',NULL,'','Mysore','Karnataka','570019','','','03/17/2014','2 years','40','1','0','0','0','','',0,55,102,48,'0'),(303,'Mohammad Jaffer','9448929372','','No. 557, Opp. Tamaya Park,\r\nK.H.B. Colony,\r\nUdaiyagiri 2nd Stage,\r\nMysore - 570019',NULL,'','Mysore','Karnataka','570019','','','03/17/2014','2 years','40','1','0','0','0','','',0,55,102,48,'0'),(304,'Mohammad Irfan','9620786007','','No. 751, West 2nd Cross,\r\nM.G. Road,\r\nUdaiyagiri,\r\nMysore - 570019',NULL,'','Mysore','Karnataka','570019','','','03/17/2014','2 years','40','1','0','0','0','','',0,55,102,48,'0'),(305,'Jameel Mirza','9945494642','','No. 752, 2nd Cross West,\r\nM.G. Road,\r\nUdaiyagiri,\r\nMysore 570019',NULL,'','Mysore','Karnataka','570019','','','03/17/2014','2 years','40','1','0','0','0','','',0,55,102,48,'0'),(306,'Mohammad Rahmatulla','9902419916','','No. 11, 8th Cross,\r\nMahadevpura Main Road,\r\nAzeez Medical Street,\r\n1st Stage, Udaiyagiri,\r\nMysore - 570019',NULL,'','Mysore','Karnataka','570019','','','03/17/2014','1 year','16','1','0','0','0','','',0,55,78,24,'0'),(307,'Al-Kareem High School','9901230745','','No. 147, Rajivnagar 1st Stage,\r\nMysore - 570019',NULL,'','Mysore','Karnataka','570019','','','03/17/2014','2 years','40','1','0','0','0','','',0,55,102,48,'0'),(308,'Syed Jallal','','','No. 103, 3rd Cross,\r\nEast, M.G. Road,\r\nUdaiyagiri,\r\nMysore - 570019',NULL,'','Mysore','Karnataka','570019','','','03/17/2014','1 year','16','1','0','0','0','','',0,55,78,24,'0'),(309,'Shakeel Ahmed Khan','9886368037','','No. 2139, Muslim Girls Orphanage,\r\nCross Ashoka Road,\r\nLashkar Mohalla,\r\nMysore - 570001',NULL,'','Mysore','Karnataka','570001','','','03/17/2014','2 years','40','1','0','0','0','','',0,55,102,48,'0'),(310,'Liyakhat Ali Khan','9845116122','','No. 34/B, North East,\r\nBehind Bharath Petrol Bunk,\r\nAzeez Sait Road,\r\nUdaiyagiri,\r\nMysore - 570019',NULL,'','Mysore','Karnataka','570019','','','03/17/2014','2 years','40','1','0','0','0','','',0,55,102,48,'0'),(311,'Mohammad Akbar','9945354520','','A.S. Mobile Corner\r\nNo. 2768, Opp. Arfa Hotel,\r\nK.T. Street, Mandi Mohalla\r\nMysore - 570001',NULL,'','Mysore','Karnataka','570001','','','03/18/2014','2 years','40','1','0','0','0','','',0,55,102,48,'0'),(312,'Syed Munavar','9448872233','','Bharath Clinica\r\nNo. 1/A, 9th Cross, K.H.B. Colony, \r\nKathman Halli Tent Road,\r\nMahadevapura Main Road,\r\nUdaiyagiri,\r\nMysore - 570019','','','Mysore','Karnataka','570019','','','03/18/2014','2 years','40','1','0','0','0','','',0,55,102,48,NULL),(313,'Mazhar Allam Azmath Kada','9632781904','','No. 222, Abdul Rahman,\r\nQuba Masjid Main Road,\r\nUdaiyagiri,\r\nMysore - 570019',NULL,'','Mysore','Karnataka','570019','','','03/18/2014','2 years','40','1','0','0','0','','',0,55,102,48,'0'),(314,'Syed Aleem','9901672632','','No. 469/K-7, 1st Floor,\r\n3rd Cross, V.S. Road,\r\nK.R. Mohalla,\r\nBehind Gayatri Talkies,\r\nMysore - 570024',NULL,'','Mysore','Karnataka','570024','','','03/18/2014','2 years','40','1','0','0','0','','',0,55,102,48,'0'),(315,'Syed Munawar Pasha','9980054544','','No. 42/2, 2nd Cross,\r\nV.S. Road, K.R. Mohalla,\r\nMysore - 570024',NULL,'','Mysore','Karnataka','570024','','','03/18/2014','2 years','40','1','0','0','0','','',0,55,102,48,'0'),(316,'Chote Sahab','9448390899','','No. 1893, 1st Floor,\r\nA.K.M. Road,\r\nAdam Khan Masjid Road,\r\nK.R. Mohalla,\r\nMysore - 570024',NULL,'','Mysore','Karnataka','570024','','','03/18/2014','2 years','40','1','0','0','0','','',0,55,102,48,'0'),(317,'M.G. Azam Peer','9632374755','','No. 56/K-9, 1st Floor,\r\n2nd Cross, V.S. Road,\r\nK.R. Mohalla,\r\nMysore - 570024',NULL,'','Mysore','Karnataka','570024','','','03/18/2014','2 years','40','1','0','0','0','','',0,55,102,48,'0'),(318,'Ibrahim','9342074989','','No. 42/4, 2nd Cross,\r\nV.S. Road, K.R. Mohalla,\r\nBehind Gayatri Talkies,\r\nMysore - 570024\r\n',NULL,'','Mysore','Karnataka','570024','','','03/18/2014','2 years','40','1','0','0','0','','',0,55,102,48,'0'),(319,'Abdul Basheer','08212450054','','No. 98, P.F. Office Road,\r\n2nd Stage, Gayatripuram,\r\nMysore - 570019',NULL,'','Mysore','Karnataka','570019','','','03/18/2014','2 years','40','1','0','0','0','','',0,55,102,48,'0'),(320,'Nazeer Ahmed','9844032549','','No. 150, Opp. Darul Uloom Ayesha Niswan Madrasa,\r\n2nd Stage, Gayatripuram,\r\nMysore - 570019',NULL,'','Mysore','Karnataka','570019','','','03/18/2014','2 years','40','1','0','0','0','','',0,55,102,48,'0'),(321,'Dr. Ataullah Sharef','9243528814','','No. 1007/E, 1st Floor,\r\n17th Cross, 2nd Stage,\r\nRajivnagar,\r\nMysore - 570019','','','Mysore','Karnataka','570019','','','03/18/2014','2 years','40','1','0','0','0','','',0,55,102,48,NULL),(322,'Kaleelur Rahman','08212493738','','No. 113, 3rd Main,\r\nBanimantap \'E\' Layout,\r\nMysore - 570015','','','Mysore','Karnataka','570015','','','03/18/2014','2 years','40','1','0','0','0','','',0,55,102,48,NULL),(323,'Nousheer Khan','9880845490','','No. 107, 3rd Main,\r\nBanimantap \'E\' Layout,\r\nMysore - 570015','','','Mysore','Karnataka','570015','','','03/18/2014','2 years','40','1','0','0','0','','',0,55,102,48,NULL),(324,'Naseer Pasha','9845861822','','No. 405, 3rd Main,\r\nBanimantap \'E\' Layout,\r\nMysore - 570015','','','Mysore','Karnataka','570015','','','03/18/2014','1 year','16','1','0','0','0','','',0,55,78,24,NULL),(325,'Gaffar Iqbal','9845117771','','No. 9, Beside of Kousar Masjid,\r\nBanimantap \'E\' Layout,\r\nMysore - 570015',NULL,'','Mysore','Karnataka','570015','','','03/18/2014','1 year','16','1','0','0','0','','',0,55,78,24,'0'),(326,'Abdul Khaliq','9448079233','','No. 7, \r\nNear Just Beside of Firdose Masjid Road,\r\nBanimantap \'E\' Layout,\r\nMysore - 570015',NULL,'','Mysore','Karnataka','570015','','','03/18/2014','2 years','40','1','0','0','0','','',0,55,102,48,'0'),(327,'Abdul Rawouf','','','Opp. Shareef Dental Clinic, \r\nNext to to Ishrath Clinic,\r\n9th Cross, Kathmanahalli, Tent Road,\r\nMahadevapura Main Road Cross,\r\nUdaiyagiri,\r\nMysore - 570019',NULL,'','Mysore','Karnataka','570019','','','03/18/2014','2 years','40','1','0','0','0','','',0,55,102,48,'0'),(328,'Mohammad Sajjad Sarjeel','7869999999','','Jabbar Mantion, \r\nJust Beside of Ibrahim Masjid,\r\nBanimantap \'A\' Layout,\r\nHanmantnagar Main Road,\r\nMysore - 570015',NULL,'','Mysore','Karnataka','570015','','','03/18/2014','2 years','40','1','0','0','0','','',0,55,102,48,'0'),(329,'Mohammad Siddiq','9164650354','','No. 16/OIF, Globe Furniture,\r\nHanmantnagar Main Road,\r\nBanimantap \'A\' Layout,\r\nBeside Salfi Masjid,\r\nMysore - 570015',NULL,'','Mysore','Karnataka','570015','','','03/18/2014','2 years','40','1','0','0','0','','',0,55,102,48,'0'),(330,'Mahboob Sharef Advocate','9845126070','','No. 106, 3rd Main,\r\nBanimantap \'C\' Layout,\r\nMysore - 570015',NULL,'','Mysore','Karnataka','570015','','','03/18/2014','2 years','40','1','0','0','0','','',0,55,102,48,'0'),(331,'Habeebulla Khan','9448892786','','No. 740, 1st Floor,\r\nNear Al-Badar Masjid Main Road,\r\nRajivnagar 1st Stage,\r\nMysore - 570019',NULL,'','Mysore','Karnataka','570019','','','03/18/2014','2 years','40','1','0','0','0','','',0,55,102,48,'0'),(332,'H.S. Abdul Rahman','08212490950','','No. 300, 6th Cross,\r\nNear Hanmant Temple,\r\nBanimantap \'C\' Layout,\r\nMysore - 570015',NULL,'','Mysore','Karnataka','570015','','','03/18/2014','2 years','40','1','0','0','0','','',0,55,102,48,'0'),(333,'Syed Rafiulla Husaini','9341933913','','H.I.G., 704\r\nRajivnagar Main Road,\r\n2nd Stage, Rajivnagar,\r\nMysore - 570019',NULL,'','Mysore','Karnataka','570019','','','03/18/2014','2 years','40','1','0','0','0','','',0,55,102,48,'0'),(334,'Nasir Shareed','9980757019','','M.I.G. 720,\r\n3rd Stage, Rajivnagar,\r\nMysore - 570019',NULL,'','Mysore','Karnataka','570019','','','03/18/2014','2 years','40','1','0','0','0','','',0,55,102,48,'0'),(335,'M.M. Budan Khan','','','Nehru Nagar,\r\nHouse No. 60,\r\n(Near Tapovan Nagar),\r\nDharwar Taluk\r\nDharwar District',NULL,'','Dharwar','Karnataka','','','','03/18/2014','1 year','16','0','0','0','0','','',0,55,78,24,'1'),(336,'Mahfoozur Rahman','9611586612','','C/o. Karnataka Zakat Charitable Trust,\r\nMa\'roof Street,\r\nNear Ande Chatra,\r\nOpp. Masjid-e-Azam,\r\nChikmagalore - 577101',NULL,'','Chikmagalore','Karnataka','577101','','hydzakat_cmgl@yahoo.com','03/18/2014','1 year','16','1','0','0','0','','',0,55,78,24,'0'),(337,'Md. Ziaulla','9480232387','','T.R. Colony,\r\nMulbagal,\r\nKolar - 563131',NULL,'','Kolar','Karnataka','563131','','citizences@gmail.com','03/18/2014','1 year','16','1','0','0','0','','',0,55,78,24,'0'),(338,'Shaik Imran','9535172221','','No. 218, 1st Cross,\r\n2nd Stage, Umar Bagh,\r\nB.S.K., \r\nLandmark: Taqwa Masjid,\r\nBangalore - 560070',NULL,'','Bangalore','Karnataka','560070','','shaik78647@gmail.com','03/18/2014','2 years','40','1','0','0','0','','',0,55,102,48,'0'),(339,'Dr. Inyathulla Sharieff','23331095','','No. 27/1, 3rd Cross,\r\nKrishnamma Garden,\r\nBenson Town,\r\nBangalore - 560046',NULL,'','Bangalore','Karnataka','560046','','drsharieff@yahoo.com','03/18/2014','1 year','16','1','0','0','0','','',0,55,78,24,'0'),(340,'Mohammed Nayazulla','9880881802','','Shanthi Nagar,\r\n3rd Cross, Bagur Road,\r\nChannarayapatna,\r\nHassan District - 573116',NULL,'','Hassan','Karnataka','573116','','','03/18/2014','2 years','40','1','0','0','0','','',0,55,102,48,'0'),(341,'Aam Aadmi Party','','','Kranti Bhavan,\r\nNo. 22-23, Police Road,\r\nRana Singh Pet,\r\n(Near Cottonpet Police Station),\r\nBangalore - 560053',NULL,'','Bangalore','Karnataka','560053','','','03/18/2014','1 year','16','0','0','0','0','','',0,55,78,24,'1'),(342,'Wing. Commander Mahmood Khan Sahab','9845811997','','No. 10, GF \'C\' NO.\r\n5th Street,\r\nChandni Chowk Road Cross,\r\nShivajinagar,\r\nBangalore - 560056',NULL,'','Bangalore','Karnataka','560056','','','03/18/2014','1 year','16','0','0','0','0','','',0,55,78,24,'1'),(343,'M. Ghouse Khan','9845951333','','Classic Glass Ply Wood\r\nNo. 335, Ejepura Main Road,\r\nViveknagar Post,\r\nBangalore - 560047',NULL,'','Bangalore','Karnataka','560047','','','03/18/2014','1 year','16','0','0','0','0','','',0,55,78,24,'1'),(344,'Kashim Kansavi','','','Kasim Art Gallary,\r\nJoshi Galli, Ilkal,\r\nHunagund Taluk,\r\nBagalkot - 587125',NULL,'','Bagalkot','Karnataka','587125','','','03/27/2014','1 year','16','0','0','0','0','','',0,55,78,24,'1'),(345,'Hanif Kazi','','','No. 9, 3rd Cross,\r\nMarrappa Thota,\r\nJ.C. Nagar,\r\nBangalore - 560006',NULL,'','Bangalore','Karnataka','560006','','','03/27/2014','1 year','16','1','0','0','0','','',0,55,78,24,'0'),(346,'Al-Haj M.B. Mulla','','','Retd. Teacher\r\nIshwaar nagar,\r\nNear Z.P. Office,\r\nNavalgund\r\nDharwad Dist - 582208',NULL,'','Dharwar','Karnataka','582208','','','04/03/2014','1 year','16','1','0','0','0','','',0,55,78,24,'0'),(347,'Salma Banu','9632023451','','W/o. Hussain Khan\r\nO.P.H. Road,\r\nNew Extention,\r\nKadugodi,\r\nBangalore - 560067',NULL,'','Bangalore','Karnataka','560067','','','04/03/2014','1 year','16','1','0','0','0','','',0,55,78,24,'0'),(348,'Syed Noorulla','9342860315','26660315','No. 349, 10th Cross,\r\nIlyas Nagar,\r\nJ.P. Nagar Post,\r\nBangalore - 560078',NULL,'','Bangalore','Karnataka','560078','','syednoorulla@yahoo.co.in','04/03/2014','1 year','16','1','0','0','0','','',0,55,78,24,'0'),(349,'M. Noorulla Shariff','9945097186','','No. 1832, \r\nAdam Khan Masjid Road,\r\n3rd Cross, K.R. Mohalla,\r\nMysore - 570004',NULL,'','Mysore','Karnataka','570004','','jafsun313@yahoo.com','04/03/2014','1 year','16','1','0','0','0','','',0,55,78,24,'0'),(350,'Syed Ahmed Mudde','9538592319','','Little Flower Public School\r\nYakatpur\r\nBidar - 585403',NULL,'','Bidar','Karnataka','585403','','syedahmedmudde@gmail.com','04/03/2014','2 years','40','1','0','0','0','','',0,55,102,48,'0'),(351,'Board of Islamic Education Karnataka','41696125','','No. 109, 2nd Floor,\r\nMillia Building, N.R. Road,\r\nBangalore - 560002',NULL,'','Bangalore','Karnataka','560002','','biekargoa@rediffmail.com','04/03/2014','1 year','16','1','0','0','0','','',0,55,78,24,'0'),(352,'M.A.K. Anwar','','','No. 8, 3rd Floor,\r\n109 Millia Building,\r\nN.R. Road,\r\nBangalore - 560002',NULL,'','Bangalore','Karnataka','560002','','','04/03/2014','1 year','16','1','0','0','0','','',0,55,78,24,'0'),(353,'Nadeem Ahmed M','8792456286','','No. 398, 8th Main,\r\nMarenahalli,\r\n5th Block, Jayanagar,\r\nBangalore - 560041',NULL,'','Bangalore','Karnataka','560041','','nadz_ace@yahoo.com','04/03/2014','1 year','16','1','0','0','0','','',0,55,78,24,'0'),(354,'Moinuddin Shariff','','','No. 109, 3rd Floor,\r\nMillia Building,\r\nN.R. Road,\r\nBangalore - 560002',NULL,'','Bangalore','Karnataka','560002','','','04/03/2014','1 year','16','1','0','0','0','','',0,55,78,24,'0'),(355,'Abdul Rehaman Gaihlot','9945500758','','22/11, 2nd Floor,\r\n5th Main, 7th Cross,\r\nS.K. Garden, benson Town,\r\nBangalore - 560046',NULL,'','Bangalore','Karnataka','560046','','','04/03/2014','1 year','16','1','0','0','0','','',0,55,78,24,'0'),(356,'Muhammed Ali Shariff','','','T3- No. 10,\r\nDr. Omar Shariff Road,\r\nBasavanagudi,\r\nBangalore - 560004',NULL,'','Bangalore','Karnataka','560004','','','04/03/2014','2 years','40','1','0','0','0','','',0,55,102,48,'0'),(357,'K.S.M.S.C.','41554225','','No. 29, 2nd Floor,\r\nR.V. Road,\r\nOpp. Vijaya College,\r\nBasavanagudi,\r\nBangalore - 560004','','','Bangalore','Karnataka','560004','','','04/03/2014','1 year','16','1','0','0','0','','',0,55,78,24,NULL),(358,'Abdul Khader S.','9620228822','','No. 38, 7th Cross,\r\nJalasirama Temple Street,\r\nVenkataswamappa Layout,\r\nChamundinagar, \r\nR.T. nagar Post,\r\nBangalore - 560032',NULL,'','Bangalore','Karnataka','560032','','','04/03/2014','1 year','16','1','0','0','0','','',0,55,78,24,'0'),(359,'Ahmmed Khan','8050771538','','No. 118, 2nd Main Road,\r\nKanakanagar,\r\nNear R.K. Palace,\r\nR.T. nagar Post,\r\nBangalore - 560032',NULL,'','Bangalore','Karnataka','560032','','','04/03/2014','1 year','16','1','0','0','0','','',0,55,78,24,'0'),(360,'S.A.G. Builder & Developers','9945500758','','No. 250, 5th \'A\' Main\r\nHRBR 2nd Block,\r\nKalyanagar,\r\nBangalore - 560043',NULL,'','Bangalore','Karnataka','560043','','','04/03/2014','1 year','16','1','0','0','0','','',0,55,78,24,'0'),(361,'M.D. Habeeb Ahmed','9945365459','','No. 22, 1st Main,\r\n2nd Cross, S.R.K. Garden,\r\nJayanagar,\r\nBangalore - 560041',NULL,'','Bangalore','Karnataka','560041','','','04/03/2014','1 year','16','1','0','0','0','','',0,55,78,24,'0'),(362,'Suhail Khan','9845058455','','No. 37/1, 13th Cross,\r\nK.H.B. Road,\r\nKanakanagar,\r\nBangalore - 560032',NULL,'','Bangalore','Karnataka','560032','','bijhipeople@gmail.com','04/03/2014','1 year','16','1','0','0','0','','',0,55,78,24,'0'),(363,'M.D. Ibrahim','','','S/o. Shukurulla\r\nS.D.I. Manzil,\r\n3rd Cross,\r\nVinoba Nagar,\r\nTumkur - 572101',NULL,'','Tumkur','Karnataka','572101','','','04/03/2014','2 years','40','1','0','0','0','','',0,55,102,48,'0'),(364,'Zamiruddin','9845809206','','No. 21, 5th Main Road,\r\nS.K. Garden\r\nBenson Town Post,\r\nBangalore - 560046',NULL,'','Bangalore','Karnataka','560046','','zamiruddin08@gmail.com','04/03/2014','1 year','16','1','0','0','0','','',0,55,78,24,'0'),(365,'Farooq-e-Aazam','9980475750','','No. 56 (35) 13th Cross,\r\nOpp. Madina Masjid Gate,\r\nKHB Main Road,\r\nKanakanagar,\r\nBangalore - 560032',NULL,'','Bangalore','Karnataka','560032','','','04/03/2014','2 years','40','1','0','0','0','','',0,55,102,48,'0'),(366,'Haji Mohammed Fazlulla','9845315176','','No. 17, 1st Floor,\r\nKauser Nagar,\r\nChamandinagar Main Road,\r\nR.T. nagar Post,\r\nBangalore - 560032',NULL,'','Bangalore','Karnataka','560032','','','04/03/2014','2 years','40','1','0','0','0','','',0,55,102,48,'0'),(367,'Sabahuddin','9591513692','','F.Zone Ready Made Shop\r\n4th Cross,\r\nM.G. Road,\r\nTumkur - 572101',NULL,'','Tumkur','Karnataka','572101','','','04/03/2014','1 year','16','1','0','0','0','','',0,55,78,24,'0'),(368,'Muneer Ahamed Saheb','9880287960','','Ghouse Building\r\nHorapete Main Road,\r\nNear Church\r\nTumkur - 572101',NULL,'','Tumkur','Karnataka','572101','','','04/03/2014','1 year','16','1','0','0','0','','',0,55,78,24,'0'),(369,'Janab Tajuddin Shariff','9886458191','','Sahara, Distributors\r\nINFOOT Wear\r\n4th Cross, M.G. Road,\r\nTumkur - 572101',NULL,'','Tumkur','Karnataka','572101','','','04/03/2014','1 year','16','1','0','0','0','','',0,55,78,24,'0'),(370,'President, Secretary','9740016977','','Hazrath Madarsha Makan\r\nHMS Complex Wakf\r\nTumkur - 572101',NULL,'','Tumkur','Karnataka','572101','','','04/03/2014','1 year','16','1','0','0','0','','',0,55,78,24,'0'),(371,'Anjum Syed','7829676227','','M.I.G. 14, 2nd Cross\r\n3rd Stage,\r\nBannimantap\r\nMysore - 570015',NULL,'','Mysore','Karnataka','570015','','','04/03/2014','1 year','16','1','0','0','0','','',0,55,78,24,'0'),(372,'Shah Hussain','9945783361','','No. 20, CMH Road,\r\n2nd Stage, Indiranagar\r\nBangalore - 560038',NULL,'','Bangalore','Karnataka','560038','','','04/03/2014','1 year','16','1','0','0','0','','',0,55,78,24,'0'),(373,'Abdul Wajeed','9844308781','','No. 19, 2nd Floor,\r\n3rd Cross, 1st Main,\r\nMuddamma Garden Extn.\r\nBenson Town Post,\r\nBangalore - 560046',NULL,'','Bangalore','Karnataka','560046','','','04/03/2014','1 year','16','1','0','0','0','','',0,55,78,24,'0'),(374,'Khalid Ahmed','9343588616','','C/o. Bangalore Medical\r\nNo. 25/1, M.M. Garden\r\nMasjid-e-Aqsa Road,\r\nBenson Town Post,\r\nBangalore - 560046','','','Bangalore','Karnataka','560046','','','04/03/2014','1 year','16','1','0','0','0','','',0,55,78,24,NULL),(375,'Asadulla Shariff','9341981611','','Advocate\r\nOld No. 183, New No. 20,\r\n3rd Cross (South),\r\nDr. APJ Abdul Kalam Main Road,\r\nRashad Nagar \'D\' Block,\r\nA.C. Post,\r\nBangalore - 560045',NULL,'','Bangalore','Karnataka','560045','','','04/03/2014','1 year','16','1','0','0','0','','',0,55,78,24,'0'),(376,'Mohammed Misbahuddin','9742290370','','No. 05, 1st Cross,\r\nAnnayappa Block,\r\nBenson Town Post,\r\nBangalore - 560046',NULL,'','Bangalore','Karnataka','560046','','','04/03/2014','1 year','16','1','0','0','0','','',0,55,78,24,'0'),(377,'Mirza Iftiqar Ulla Baig','9036806055','','No. 25, 1st Floor,\r\n4th Main, 2nd Cross,\r\nBanimantap \'C\' Layout\r\nMysore - 570015','','','Mysore','Karnataka','570015','','','04/04/2014','2 years','40','1','0','0','0','','',0,55,102,48,NULL),(378,'Ghouse Shareef','9739623101','','No. 156, 5th Main,\r\nMufti Basheer Ahmed Road,\r\nBanimantap \'C\' Layout\r\nMysore - 570015','','','Mysore','Karnataka','570015','','','04/04/2014','2 years','40','1','0','0','0','','',0,55,102,48,NULL),(379,'Mohammad Isaq','8553800781','','Shop No. 29, \r\nMandi Market Main Gate,\r\nMandi Mohalla\r\nMysore - 570021',NULL,'','Mysore','Karnataka','570021','','','04/04/2014','2 years','40','1','0','0','0','','',0,55,102,48,'0'),(380,'T.C. Abdulla','9482641722','','No. 228, 14th Cross,\r\nBehind Quba Masjid,\r\nUdaiyagiri\r\nMysore - 570019','','','Mysore','Karnataka','570019','','','04/04/2014','2 years','40','1','0','0','0','','',0,55,102,48,NULL),(381,'A. Jaleel','9741837425','','No. 237, 14th Cross,\r\nBehind Quba Masjid,\r\nUdaiyagiri,\r\nMysore - 570019',NULL,'','Mysore','Karnataka','570019','','','04/04/2014','2 years','40','1','0','0','0','','',0,55,102,48,'0'),(382,'Abdul Azeez','9886123382','','No. 426, \r\nOpp. KEB Quarters,\r\nUdaiyagiri,\r\nMysore - 570019',NULL,'','Mysore','Karnataka','570019','','','04/04/2014','2 years','40','1','0','0','0','','',0,55,102,48,'0'),(383,'F.K. Real Estate','9845246890','','No. 19, \r\nM.I.G. Subash Nagar Main Road,\r\nMysore - 570007',NULL,'','Mysore','Karnataka','570007','','','04/04/2014','2 years','40','1','0','0','0','','',0,55,102,48,'0'),(384,'Abdul Kaleem Khateb','9972828630','','No. 409, Opp Masjid-e-Quba,\r\n1st Floor, 14th Cross,\r\nK.E.B. Colony,\r\nMysore - 570019',NULL,'','Mysore','Karnataka','570019','','','04/04/2014','2 years','40','1','0','0','0','','',0,55,102,48,'0'),(385,'Syed Abdul Rasheed Adil','9986396106','','No. 100, 3rd Cross East,\r\nM.G. Road,\r\nUdaiyagiri,\r\nMysore - 570019',NULL,'','Mysore','Karnataka','570019','','','04/04/2014','2 years','40','1','0','0','0','','',0,55,102,48,'0'),(386,'Dr. Abid Sattar','9632741500','','No. 263, 5th Main\r\nBanimantap \'C\' Layout\r\nMysore - 570015','','','Mysore','Karnataka','570015','','','04/04/2014','2 years','40','1','0','0','0','','',0,55,102,48,NULL),(387,'','','','',NULL,'','','','','','','','','','','0','0','0','','',0,0,0,0,'0'),(388,'Hajeera Bai','9620449922','','No. 60, Corner House,\r\nGround Floor, 5th Main,\r\n2nd Cross, \r\nBanimantap \'C\' Layout\r\nMysore - 570015','','','Mysore','Karnataka','570015','','','04/05/2014','2 years','40','1','0','0','0','','',0,55,102,48,NULL),(389,'Mir Jawid Ali','9900537199','','No. 262, 5th Main\r\nBanimantap \'C\' Layout,\r\nMysore - 570015','','','Mysore','Karnataka','570015','','','04/05/2014','2 years','40','1','0','0','0','','',0,55,102,48,NULL),(390,'Mohammad Saif','8884563537','','Shop No. 930, Zeenat Complex,\r\nM.D. Constructions,\r\nMahade Vagowda Circle,\r\nRajivnagar,\r\nMysore - 570019',NULL,'','Mysore','Karnataka','570019','','','04/05/2014','2 years','40','1','0','0','0','','',0,55,102,48,'0'),(391,'Kousar Pasha','9686292711','','Yaseen Trader\'s\r\nNo. 2927, \r\nOpp. Mandi Market Main Gate,\r\nAkbar Road,\r\nMandi Mohalla,\r\nMysore - 570021',NULL,'','Mysore','Karnataka','570021','','','04/05/2014','2 years','40','1','0','0','0','','',0,55,102,48,'0'),(392,'Mohdeen Basha','9164433344','','Click Mobile Zone,\r\nShop No. 2928\r\nOpp. Mandi Market Main Gate,\r\nAkbar Road,\r\nMandi Mohalla,\r\nMysore - 570021',NULL,'','Mysore','Karnataka','570021','','','04/05/2014','2 years','40','1','0','0','0','','',0,55,102,48,'0'),(393,'Iqbal Ahmed','9141487673','','No. 61, 2nd Cross East,\r\nM.G. Road, 2nd Stage,\r\nUdaiyagiri,\r\nMysore - 570019',NULL,'','Mysore','Karnataka','570019','','','04/05/2014','2 years','40','1','0','0','0','','',0,55,102,48,'0'),(394,'Yunus Khan','9620559716','','No. 60, 2nd Cross East,\r\nM.G. Road, 2nd Stage,\r\nUdaiyagiri,\r\nMysore - 570019',NULL,'','Mysore','Karnataka','570019','','','04/05/2014','2 years','40','1','0','0','0','','',0,55,102,48,'0'),(395,'Khaleel Ahmed','','','No. 130, 4th Main,\r\nBanimantap \'C\' Layout\r\nMysore - 570015','','','Mysore','Karnataka','570015','','','04/05/2014','2 years','40','1','0','0','0','','',0,55,102,48,NULL),(396,'Azamulla Khan','9448049374','','No. 73, 4th Main,\r\nBanimantap \'C\' Layout\r\nMysore - 570015','','','Mysore','Karnataka','570015','','','04/05/2014','2 years','40','1','0','0','0','','',0,55,102,48,NULL),(397,'Syed Najeebur Rahman','9448601380','','No. 137, 4th Main,\r\nBanimantap \'C\' Layout\r\nMysore - 570015','','','Mysore','Karnataka','570015','','','04/05/2014','2 years','40','1','0','0','0','','',0,55,102,48,NULL),(398,'Dr. Umar Suhain','9379229991','','No. 138, 4th Main,\r\nBanimantap \'C\' Layout\r\nMysore - 570015','','','Mysore','Karnataka','570015','','','04/05/2014','2 years','40','1','0','0','0','','',0,55,102,48,NULL),(399,'P.K.Y. Agencies','8892336444','','K.K. Complex,\r\nBanimantap,\r\nNear ICICI Bank,\r\n\'C\' Layout,\r\nMysore - 570015','','','Mysore','Karnataka','570015','','','04/05/2014','2 years','40','1','0','0','0','','',0,55,102,48,NULL),(400,'Noor Medicals','9902315216','','No. 101, K.S.R.T.C. Block,\r\nBanimantap \'C\' Layout\r\nMysore - 570015','','','Mysore','Karnataka','570015','','','04/05/2014','2 years','40','1','0','0','0','','',0,55,102,48,NULL),(401,'Noorul Hasain','9916087097','','Taj Mahal Burqa Centre\r\nSiddiq Complex,\r\nShop No. 6, 7th Cross,\r\nHanmantnagar,\r\nBanimantap \'C\' Layout\r\nMysore - 570015','','','Mysore','Karnataka','570015','','','04/05/2014','2 years','40','1','0','0','0','','',0,55,102,48,NULL),(402,'Dr. Abdul Nasir','9880260342','','No. 234, 5th Main,\r\n1st Cross, Near ICICI Bank,\r\nBanimantap \'C\' Layout\r\nMysore - 570015','','','Mysore','Karnataka','570015','','','04/05/2014','2 years','40','1','0','0','0','','',0,55,102,48,NULL),(403,'Humayun Rasheed','','','No. 148, 9th Cross,\r\nShivaji Road,\r\nN.R. Mohalla,\r\nNear Mubeen Masjid\r\nMysore - 570007','','','Mysore','Karnataka','570007','','','04/05/2014','1 year','16','1','0','0','0','','',0,55,78,24,NULL),(404,'Prof. M. Sanaulla Khan','9663451067','','No. 124, 4th Main,\r\nBanimantap \'C\' Layout,\r\nMysore - 570015','','','Mysore','Karnataka','570015','','','04/05/2014','2 years','40','1','0','0','0','','',0,55,102,48,NULL),(405,'Noumaan','9611036896','','No. 125, Opp. Tipu Park,\r\n2nd Stage, Udaiyagiri,\r\nMysore - 570019',NULL,'','Mysore','Karnataka','570019','','','04/05/2014','2 years','40','1','0','0','0','','',0,55,102,48,'0'),(406,'Riyaz Pasha','9945647284','','No. 45, 2nd Cross,\r\n4th Main,\r\nBanimantap \'C\' Layout,\r\nMysore - 570015','','','Mysore','Karnataka','570015','','','04/05/2014','2 years','40','1','0','0','0','','',0,55,102,48,NULL),(407,'Fayazulla Khan','','','No. 46, 2nd Cross,\r\n4th Main,\r\nBanimantap \'C\' Layout,\r\nMysore - 570015','','','Mysore','Karnataka','570015','','','04/05/2014','2 years','40','1','0','0','0','','',0,55,102,48,NULL),(408,'Basheer Roshan','9343485100','','No. 25, 2nd Cross,\r\n4th Main,\r\nBanimantap \'C\' Layout,\r\nMysore - 570015','','','Mysore','Karnataka','570015','','','04/05/2014','2 years','40','1','0','0','0','','',0,55,102,48,NULL),(409,'Ayaz Ahmed','9448786956','','No. 32, 4th Main,\r\n2nd Cross,\r\nBanimantap \'C\' Layout,\r\nMysore - 570015','','','Mysore','Karnataka','570015','','','04/05/2014','2 years','40','1','0','0','0','','',0,55,102,48,NULL),(410,'Javeed Ahmed','9448052063','','G.K. Trading Corporation\r\nSangam Theater Complex,\r\nMysore - 570001',NULL,'','Mysore','Karnataka','570001','','','04/05/2014','2 years','40','1','0','0','0','','',0,55,102,48,'0'),(411,'Syed Rafeeq','9620272941','','No. 48, Ground Floor,\r\n4th Main, 2nd Cross,\r\nBanimantap \'C\' Layout,\r\nMysore - 570015','','','Mysore','Karnataka','570015','','','04/05/2014','2 years','40','1','0','0','0','','',0,55,102,48,NULL),(412,'Jamil Ahmed','0821249759','','No. 34, 4th Main,\r\n2nd Cross,\r\nBanimantap \'C\' Layout,\r\nMysore - 570015','','','Mysore','Karnataka','570015','','','04/05/2014','2 years','40','1','0','0','0','','',0,55,102,48,NULL),(413,'Altaf Ahmed Shareef','9448603314','','No. 42, Ground Floor,\r\n4th Main, 2nd Cross,\r\nBanimantap \'C\' Layout,\r\nMysore - 570015','','','Mysore','Karnataka','570015','','','04/05/2014','2 years','40','1','0','0','0','','',0,55,102,48,NULL),(414,'Mansoor','9448998277','','No. 33, 4th Main,\r\n2nd Cross,\r\nBanimantap \'C\' Layout,\r\nMysore - 570015','','','Mysore','Karnataka','570015','','','04/05/2014','2 years','40','1','0','0','0','','',0,55,102,48,NULL),(415,'Anjum Alia','9686654247','','No. 43, 4th Main,\r\n2nd Cross,\r\nBanimantap \'C\' Layout,\r\nMysore - 570015','','','Mysore','Karnataka','570015','','','04/05/2014','2 years','40','1','0','0','0','','',0,55,102,48,NULL),(416,'Syed Akram','9686448415','','No. 26/1, 3rd Main,\r\n4th Cross, \r\nSomeshwarnagar,\r\nJayanagar 1st Block,\r\nBangalore - 560011',NULL,'','Bangalore','Karnataka','560011','','akram_hafeezin@hotmail.com','04/05/2014','1 year','16','1','0','0','0','','',0,55,78,24,'0'),(417,'Mohammed Imran S.','9731211070','','No. 1761, 1st Floor,\r\n18th \'B\' Main Road,\r\n41st \'A\' Cross,\r\n4th \'T\' Block,\r\nJayanagar,\r\nBangalore - 560041',NULL,'','Bangalore','Karnataka','560041','','imranzonline@gmail.com','04/05/2014','2 years','40','1','0','0','0','','',0,55,102,48,'0'),(418,'M.M. Saleem','9845054129','','No. 9, 2nd Main,\r\nNear 2nd Cross,\r\nWilson Garden\r\nBangalore - 560027',NULL,'','Bangalore','Karnataka','560027','','','04/05/2014','3 years','64','1','0','0','0','','',0,55,126,72,'0'),(419,'Sayed Abdul Haseeb','','','Near ESI Hospital,\r\nKalwad Building,\r\nKarwar Road,\r\nHubli - 580024',NULL,'','Hubli','Karnataka','580024','','','04/07/2014','1 year','16','1','0','0','0','','',0,55,78,24,'0'),(420,'N. Faheemuddin','9844158731','','5-1-292,\r\nQuadria Pura\r\nBidar - 585401','','','Bidar','Karnataka','585401','','','04/07/2014','','','0','0','0','1','','',0,NULL,NULL,NULL,'0'),(421,'Mohammad Yousuf Kanni','9844158731','','Station Area,\r\nBagalkot - 587101','','','Bagalkot','Karnataka','587101','','','04/07/2014','','','0','0','0','1','','',0,NULL,NULL,NULL,'0'),(422,'Dr. Syed A.A. Javaz','9448040028','','No. 456, 3rd Cross, \r\nWilson Garden, \r\nBangalore - 560027',NULL,'','Bangalore','Karnataka','560027','','','04/08/2014','1 year','17','1','0','0','0','','',0,56,79,24,'0'),(423,'Haji M. Ghouse Peer','9845035173','','No. 48, 8th Cross,\r\n8th Main, Brindavanagar,\r\nMathikere,\r\nBangalore - 560054',NULL,'','Bangalore','Karnataka','560054','','','04/09/2014','1 year','19','1','0','0','0','','',0,56,79,24,'0'),(424,'Arif Ali Maniyar','9449399644','','Asian Builders\r\nNo. 21, First Floor,\r\nAsian Business Center,\r\nBeside Asian Mall\r\nGulbarga - 585102',NULL,'','Gulbarga','Karnataka','585102','','info@asianbuilders.in','04/30/2014','1 year','19','0','0','0','0','','',0,57,80,24,'1'),(425,'Syed Zahid Ali Akhter','9866738130','','No. 10-1-126, No. 307\r\n3rd Floor, Ahoka Plaza,\r\nMasab Tank,\r\nHyderabad - 500028',NULL,'','Hyderabad','Andhra Pradesh','500028','','zahidarchitects@gmail.com','04/30/2014','1 year','19','0','0','0','0','','',0,57,80,24,'1'),(426,'Dr. Fakhruddin Mohammed','','','MESCO\r\nNo. 22-1-1037/1,\r\nShifa Khana Zohra\r\nDarul Shifa,\r\nHyderabad - 500024\r\n',NULL,'','Hyderabad','Andhra Pradesh','500024','','mescodc@hotmail.com','04/30/2014','1 year','19','0','0','0','0','','',0,57,80,24,'1'),(427,'Faiyaz Ahmed Khan','9740523798','','No. 234, 1st Main,\r\n1st Block, R.T. Nagar,\r\nBangalore - 560032',NULL,'','Bangalore','Karnataka','560032','','','04/30/2014','1 year','19','1','0','0','0','','',0,57,80,24,'0'),(428,'A. Mohammed Afsar','9986507838','','Old No. 56, New No. 9,\r\n2nd Floor, 3rd Cross,\r\n4th Main, Opp. Jamia Masjid,\r\nRahmathnagar, R.T. Nagar Post,\r\nBangalore - 560032',NULL,'','Bangalore','Karnataka','560032','','','04/30/2014','1 year','19','1','0','0','0','','',0,57,80,24,'0'),(429,'Syed Mohammed Iqbal','9845440399','','No. 9/61, 1st Floor,\r\n2nd Main, 6th Cross,\r\nEidgah Masjid Road,\r\nBomannahalli, Kaverinagar,\r\nBangalore - 560068',NULL,'','Bangalore','Karnataka','560068','','','04/30/2014','1 year','19','1','0','0','0','','',0,57,80,24,'0'),(430,'Mohammed Saqib','9535540866','','No. 11, 2nd Floor,\r\n2nd Main Road, \r\nK.H. Ranganatha Colony,\r\nJ.J.R. Nagar,\r\nBangalore - 560018',NULL,'','Bangalore','Karnataka','560018','','saqib_muhamad@yahoo.co.in','04/30/2014','1 year','19','1','0','0','0','','',0,57,80,24,'0'),(431,'Mohamed Musaveer','9845707826','','No. 898, 18th Cross,\r\n1st Stage, 2nd Block,\r\nH.B.R. Layout,\r\nBangalore - 560043',NULL,'','Bangalore','Karnataka','560043','','musaveer@gmail.com','04/30/2014','1 year','19','1','0','0','0','','',0,57,80,24,'0'),(432,'Hassan Ahmed','9035280280','','No. 43, 1st Floor,\r\nVahida Manzil, Masjid-e-Farooq,\r\nA.R. nagar, 4th Main, M.S. Palya,\r\n2nd Stage, Vidyaranyapura Post,\r\nBangalore - 560097',NULL,'','Bangalore','Karnataka','560097','','','04/30/2014','1 year','19','1','0','0','0','','',0,57,80,24,'0'),(433,'N. Aimen Aasifa','9019666027','9880300063','No. 91, 4th Cross,\r\n1st Stage,\r\nOkalipuram,\r\nBangalore - 560021',NULL,'','Bangalore','Karnataka','560021','','','04/30/2014','1 year','19','1','0','0','0','','',0,57,80,24,'0'),(434,'Rashid Khan','9343544350','','E-304, Ranka Plaza,\r\n157, Wheeler Road,\r\nFrazer Town,\r\nBangalore - 560005',NULL,'','Bangalore','Karnataka','560005','','','04/30/2014','1 year','19','1','0','0','0','','',0,57,80,24,'0'),(435,'A.S. Khan','9845009791','','No. 22/8, 5th Main,\r\nS.K. Garden,\r\nBenson Town,\r\nBangalore - 560046',NULL,'','Bangalore','Karnataka','560046','','','04/30/2014','1 year','19','1','0','0','0','','',0,57,80,24,'0'),(436,'Syed Irfan','08023331774','','No. 8/1, 4th Cross,\r\nRamakka Block,\r\nBenson Town Post,\r\nBangalore - 560046',NULL,'','Bangalore','Karnataka','560046','','irfan_almajid@yahoo.co.uk','05/08/2014','1 year','21','1','0','0','0','','',0,57,80,24,'0'),(437,'M.S. Rahman','9844130462','','No. 5, 1st Cross,\r\nSonnappa Block,\r\nNear Munireddy Palya Church,\r\nJ.C. Nagar,\r\nBangalore - 560006',NULL,'','Bangalore','Karnataka','560006','','','05/08/2014','1 year','21','1','0','0','0','','',0,57,80,24,'0'),(438,'Munshi Abdul Kareem','9341223951','','D. No. 36/1, 1st Floor,\r\nKhazi Street, \r\nBasavangudi,\r\nBangalore - 560004',NULL,'','Bangalore','Karnataka','560004','','','05/08/2014','1 year','21','1','0','0','0','','',0,57,80,24,'0'),(439,'Neeraj Jain','09422220311','','Lokayat\r\nFlat No. 20,\r\nBuilding No. A-3,\r\nIshanya Nagari,\r\nWarje,\r\nPune - 411058','','','Pune','Maharashtra','411058','','','05/09/2014','1 year','21','0','0','0',NULL,'','',0,NULL,NULL,NULL,'1'),(440,'Md. Nayazulla','','','Shantinagar,\r\n3rd Cross, Bagur Road,\r\nC.R. Patna,\r\nHassan - 573116',NULL,'','Hassan','Karnataka','573116','','','05/09/2014','1 year','21','0','0','0','0','','',0,57,80,24,'1'),(441,'Al-Haj Md. Irfan A. Soudagar','9482540091','9632484789','LIG-39, Jalanagar,\r\nHudco Colony,\r\nBijapur - 586101',NULL,'','Bijapur','Karnataka','586101','','','05/09/2014','1 year','21','0','0','0','0','','',0,57,80,24,'1'),(442,'Afza','','','No. 38/1, \r\nGreen House Apartment,\r\nFlat No. 101,\r\nKemp Road,\r\nFrazer Town,\r\nBangalore - 560005',NULL,'','Bangalore','Karnataka','560005','','','06/12/2014','1 year','21','1','0','0','0','','',0,61,84,24,'0'),(443,'Adil Ahmed','','','No. 475,\r\nMosque Main Road,\r\nNazarbad,\r\nMysore - 570010',NULL,'','Mysore','Karnataka','570010','','','06/12/2014','1 year','21','1','0','0','0','','',0,61,84,24,'0'),(444,'Newzfirst','','','1st Floor,\r\nDarussalam Building,\r\nQueen\'s Road,\r\nBangalore - 560052',NULL,'','Bangalore','Karnataka','560052','','','06/12/2014','1 year','21','1','0','0','0','','',0,61,84,24,'0'),(445,'Florida English School','9845220692','','No. 155, 11th \'D\' Cross,\r\nPadarayanapura,\r\nBangalore - 560026',NULL,'','Bangalore','Karnataka','560026','','','06/12/2014','1 year','21','1','0','0','0','','',0,61,84,24,'0'),(446,'Dr. Md. Hidayathulla','9538430577','','No. 2, New No. 13,\r\n15th Cross, D.V. Block,\r\nNear Aditya English School,\r\nR.T. Nagar,\r\nBangalore - 560032',NULL,'','Bangalore','Karnataka','560032','','','06/18/2014','1 year','21','1','0','0','0','','',0,61,84,24,'0'),(447,'Abdul Rahim, B.Sc.','9141497467','','Opp. Govt. Urdu Hr. Pri School,\r\nGalib Sab Street,\r\nLakshkar Mohalla\r\nShimoga - 577202',NULL,'','Shimoga','Karnataka','577202','','','06/18/2014','1 year','21','1','0','0','0','','',0,61,84,24,'0'),(448,'Razeena Begum','7760262444','','Bait-ul-Rizwan\r\nNo. 568, 1st Stage,\r\n2nd Cross, Rajiv Nagar,\r\nMysore - 570019',NULL,'','Mysore','Karnataka','570019','','humsaath2002@gmail.com','06/18/2014','1 year','21','1','0','0','0','','',0,61,84,24,'0'),(449,'K. Syed Zafarullah','','','No. 71, 5th Main,\r\nMinhaj Nagar,\r\nKadernahalli,\r\nJ.P. Nagar,\r\nBangalore - 560078',NULL,'','Bangalore','Karnataka','560078','','','06/18/2014','1 year','21','1','0','0','0','','',0,61,84,24,'0'),(450,'Samiulla Khan','9945519149','','No. 477/D, Abhiman,\r\n1st \'B\' Cross,\r\nMathikere,\r\nBangalore - 560054',NULL,'','Bangalore','Karnataka','560054','','','06/18/2014','1 year','21','1','0','0','0','','',0,61,84,24,'0'),(451,'Zaheer Abbas','9900120092','','No. 9, 6th Cross,\r\n8th Main, Brudavan Nagar,\r\nS.B.M. Colony,\r\nBangalore - 560054',NULL,'','Bangalore','Karnataka','560054','','','06/18/2014','1 year','21','1','0','0','0','','',0,61,84,24,'0'),(452,'Irfanulla Shariff','9343770706','','No. 66/2, \r\nSt. Johns Church Road,\r\nFrazer Town,\r\nBangalore - 560005',NULL,'','Bangalore','Karnataka','560005','','','06/18/2014','1 year','21','1','0','0','0','','',0,61,84,24,'0'),(453,'Fazulla Khan','9945011900','','Fazal Manzil\r\nNo. 23, 3rd Main Road,\r\nMatadahalli,\r\nR.T. Nagar Post,\r\nBangalore - 560032',NULL,'','Bangalore','Karnataka','560032','','','06/18/2014','1 year','9','1','0','0','0','','',0,61,72,12,'0'),(454,'Mrs. Sadiqua Shabbir','9343746222','','No. 438, 4th Cross,\r\nCMR Road, 2nd Block,\r\nHRBR Layout, Kalayan\r\nBangalore - 560043','','','Bangalore','Karnataka','560043','','','07/01/2014','1 year','22','0','0','0',NULL,'','',0,NULL,NULL,NULL,'1'),(455,'Syed Umar Farooq Hassan','9449207194','','Driving School, \r\nNear Old Bus Stand,\r\nKatinakere Market,\r\nHassan - 573201',NULL,'','Hassan','Karnataka','573201','','','07/01/2014','1 year','22','1','0','0','0','','',0,62,85,24,'0'),(456,'Abdul Razak','9538328090','','No. 31, 1st Cross,\r\nPampanagar,\r\nYeshwanthpur,\r\nBangalore - 560022',NULL,'','Bangalore','Karnataka','560022','','','07/01/2014','2 years','46','1','0','0','0','','',0,62,109,48,'0'),(457,'Mr. S.S. Rahman','','','Impact Advertisement\r\nBluemoon\r\nNo. 370, 1st Floor, 1st Cross,\r\nKoramangala 7th Block,\r\nBangalore - 560095','','','Bangalore','Karnataka','560095','','','07/01/2014','Life Time','748','1','0','0','0','','',0,62,811,750,NULL),(458,'Mr. S.S. Rahman','','','No. 697, 2nd \'A\' Main,\r\n8th Block, Koramangala\r\nBangalore - 560095','','','Bangalore','Karnataka','560095','','','07/01/2014','Life Time','748','1','0','0','0','','',0,62,811,750,NULL),(459,'Mohammed Ansar','9845166350','','No. 52, 2nd Main Road,\r\nGanganagar Extn.,\r\nR.T. Nagar Post,\r\nBangalore - 560032',NULL,'','Bangalore','Karnataka','560032','','','08/05/2014','1 year','23','1','0','0','0','','',0,64,87,24,'0'),(460,'Shoaib Ahmed Shariff','9739883199','','No. 94, Arco Arcade,\r\n2nd Floor, Above Naturals,\r\nMosque Road,\r\nFrazer Town,\r\nBangalore - 560005',NULL,'','Bangalore','Karnataka','560005','','','08/05/2014','1 year','23','1','0','0','0','','',0,64,87,24,'0'),(461,'Mediscom Nursing Home','08024170532','','No. 9, Pillana Garden,\r\n3rd Stage,\r\nBangalore - 560045',NULL,'','Bangalore','Karnataka','560045','','','08/05/2014','2 years','47','1','0','0','0','','',0,64,111,48,'0'),(462,'Bakkah Tours','8892884455','','No. 126, 2nd Floor,\r\nAslam Arcade, M.M. Road,\r\nFrazer Town,\r\nBangalore - 560005',NULL,'','Bangalore','Karnataka','560005','','','08/05/2014','1 year','23','1','0','0','0','','',0,64,87,24,'0'),(463,'Allahu Akbar Tours & Travels','08041130533','','No. 80, Infantry Road,\r\nOpp. S.B.I.,\r\nBangalore - 560001',NULL,'','Bangalore','Karnataka','560001','','','08/05/2014','1 year','23','1','0','0','0','','',0,64,87,24,'0'),(464,'S.A. Nabi Saheb','9448629144','','No. 405, Ashiyana,\r\nSouth Extention,\r\nChikkanayakanahalli,\r\nTumkur Dist - 572214',NULL,'','Tumkur','Karnataka','572214','','','08/05/2014','1 year','23','1','0','0','0','','',0,64,87,24,'0'),(465,'Hamza Hussain','9448545925','','D.S.P. \r\nNo. 2, Police Officers Quarters,\r\n1st Block, Ganga Complex,\r\nKoramangala 1st Block,\r\nBangalore - 560034',NULL,'','Bangalore','Karnataka','560034','','','08/05/2014','1 year','23','1','0','0','0','','',0,64,87,24,'0'),(466,'Social Democratic Party of India','08022222346','','No. SF 14C, H.M.S. Complex,\r\nBehind Halasuru Gate Police Station,\r\nCubbonpet,\r\nBangalore - 560002',NULL,'','Bangalore','Karnataka','560002','','','08/05/2014','1 year','23','1','0','0','0','','',0,64,87,24,'0'),(467,'Shaheen P.U. and Civil Service','8050889585','','No. 25/2, Armstrong Road,\r\nMakan Compound,\r\nBangalore - 560001',NULL,'','Bangalore','Karnataka','560001','','','08/05/2014','1 year','23','1','0','0','0','','',0,64,87,24,'0'),(468,'Muslim Industrialist Association','8892805058','','No. 332, Darus Salam Building,\r\nQueens Road,\r\nBangalore - 560001',NULL,'','Bangalore','Karnataka','560001','','','08/05/2014','1 year','23','1','0','0','0','','',0,64,87,24,'0'),(469,'J.S. Tours & Travels','08022370773','','No. 9/1, Cunningham Road,\r\nCommerce House Building,\r\nFlat No. G-1A,\r\nBangalore - 560052',NULL,'','Bangalore','Karnataka','560052','','','08/05/2014','1 year','23','1','0','0','0','','',0,64,87,24,'0'),(470,'Dada Peer Sab','9844417602','','D.P. Motors,\r\nOpp. Cake Palace,\r\n10th Cross, S.I.T. Main Road,\r\nTumkur - 572102','','','Tumkur','Karnataka','572102','','','08/05/2014','1 year','23','1','0','0','0','','',0,64,87,24,NULL),(471,'General Secretary CMA','08022115488','','Premises of Abbas Khan College for Women,\r\nHameed Shah Compound,\r\nCubbonpet,\r\nBangalore - 560002',NULL,'','Bangalore','Karnataka','560002','','','08/05/2014','1 year','23','1','0','0','0','','',0,64,87,24,'0'),(472,'BET Sadathunnisa Degree College for Women','','','BET School Road,\r\nBismillahnagar,\r\nBannerghatta Road Cross,\r\nBangalore - 560029',NULL,'','Bangalore','Karnataka','560029','','','08/05/2014','1 year','23','1','0','0','0','','',0,64,87,24,'0'),(473,'BET Composite PU College for Girls','','','BET School Road,\r\nBismillahnagar,\r\nBannerghatta Road Cross,\r\nBangalore - 560029',NULL,'','Bangalore','Karnataka','560029','','','08/05/2014','1 year','23','1','0','0','0','','',0,64,87,24,'0'),(474,'BET High School for Girls','','','BET School Road,\r\nBismillahnagar,\r\nBannerghatta Road Cross,\r\nBangalore - 560029',NULL,'','Bangalore','Karnataka','560029','','','08/05/2014','1 year','23','1','0','0','0','','',0,64,87,24,'0'),(475,'Vaseem Shariff','9738202731','','Press Reporter\r\nNear Vijay Bank\r\nG.A.D. Compound,\r\nMulbagal,\r\nKolar - 563131',NULL,'','Kolar','Karnataka','563131','','','08/05/2014','1 year','23','1','0','0','0','','',0,64,87,24,'0'),(476,'Hajji Abdul Riaq','','','M.G. Road,\r\nJay Bhart Bus Services\r\nNear Old DOSP Office\r\nMulbagal,\r\nKolar - 563131',NULL,'','Kolar','Karnataka','563131','','','08/05/2014','1 year','23','1','0','0','0','','',0,64,87,24,'0'),(477,'Principal','','','1st Girl College\r\nM.G. Road,\r\nMulbagal,\r\nKolar - 563131','','','Kolar','Karnataka','563131','','','08/05/2014','1 year','23','1','0','0','0','','',0,64,87,24,NULL),(478,'Mahiq Tistias Dress Materials','','','Sultan Bazaar\r\nMulbagal,\r\nKolar - 563131',NULL,'','Kolar','Karnataka','563131','','','08/05/2014','1 year','23','1','0','0','0','','',0,64,87,24,'0'),(479,'H.M.','','','Girls Urdu School\r\nMujawar Mohalla,\r\nMulbagal,\r\nKolar - 563131',NULL,'','Kolar','Karnataka','563131','','','08/05/2014','1 year','23','1','0','0','0','','',0,64,87,24,'0'),(480,'Kutta Manjunat MLA','','','T.R. Colony Ofice,\r\nMulbagal,\r\nKolar - 563131',NULL,'','Kolar','Karnataka','563131','','','08/05/2014','1 year','23','1','0','0','0','','',0,64,87,24,'0'),(481,'E.O. Office','','','Taluka Panchayat Office Compound\r\nMulbagal,\r\nKolar - 563131',NULL,'','Kolar','Karnataka','563131','','','08/05/2014','1 year','23','1','0','0','0','','',0,64,87,24,'0'),(482,'Urdu Primary School (HPS)','','','Bangla School Ground,\r\nMulbagal,\r\nKolar - 563131',NULL,'','Kolar','Karnataka','563131','','','08/05/2014','1 year','23','1','0','0','0','','',0,64,87,24,'0'),(483,'Abdul Khadar','9886613334','','No. 120, 3rd Cross,\r\nM.G. Road,\r\nUdaiyagiri,\r\nMysore - 570019',NULL,'','Mysore','Karnataka','570019','','','08/05/2014','1 year','23','1','0','0','0','','',0,55,78,24,'0'),(484,'Sarkar Pasha','','','No. 59, 2nd Cross,\r\nK.E.B. Colony,\r\nUdaiyagiri,\r\nMysore - 570019',NULL,'','Mysore','Karnataka','570019','','','08/05/2014','1 year','23','1','0','0','0','','',0,64,87,24,'0'),(485,'Syed Saleem','9743445447','','No. 682, 10th Cross,\r\nNear Al-Badar Masjid,\r\n2nd Stage, Rajivnagar,\r\nMysore - 570019',NULL,'','Mysore','Karnataka','570019','','','08/05/2014','2 years','47','1','0','0','0','','',0,64,111,48,'0'),(486,'Prof. Syeed Ahmed Saheb','9880312136','','No. 35, 2nd Main,\r\nC.V. Road, \r\nBanimantap \'A\' Layout,\r\nMysore - 570015',NULL,'','Mysore','Karnataka','570015','','','08/05/2014','2 years','47','1','0','0','0','','',0,64,111,48,'0'),(487,'Mahmuda Begum','7676922333','','No. 242, 1st Floor,\r\nBanimantap \'E\' Layout,\r\n5th Main, 5th Cross,\r\nMysore - 570015',NULL,'','Mysore','Karnataka','570015','','','08/05/2014','2 years','47','1','0','0','0','','',0,64,111,48,'0'),(488,'Saleem Pasha','9900422256','','General Secretary,\r\nHuman Right Mysore Dist.\r\nNo. 662, 12th Cross,\r\nHyder Ali Block,\r\nGhousianagar,\r\nMysore - 570019',NULL,'','Mysore','Karnataka','570019','','','08/05/2014','2 years','47','1','0','0','0','','',0,64,111,48,'0'),(489,'Javeed Pasha','9880929317','','President All India Human Rights Main Office,\r\nB.S.K. Road,\r\nSavitha Ambedkar Colony,\r\nBanimantap \'B\' Layout,\r\nMysore - 570015',NULL,'','Mysore','Karnataka','570015','','','08/05/2014','2 years','47','1','0','0','0','','',0,64,111,48,'0'),(490,'Sameena Banu','9845704389','','No. 1986, 2nd Stage,\r\n2nd Phase, Rajivnagar,\r\nNear Ring Road,\r\nWater Tank,\r\nMysore - 570019',NULL,'','Mysore','Karnataka','570019','','','08/05/2014','2 years','47','1','0','0','0','','',0,64,111,48,'0'),(491,'Mohammad Sabeer','9343289564','','No. 811, Ground Floor,\r\nAbdul Rahman Road,\r\nBear Shubnam Function Hall,\r\nRajivnagar 2nd Stage,\r\nMysore - 570019',NULL,'','Mysore','Karnataka','570019','','','08/05/2014','2 years','47','1','0','0','0','','',0,64,111,48,'0'),(492,'Gulnaaz','961149844','','No. 810, Ground Floor,\r\nAbdul Rahman Road,\r\nNear Shubnam Function Hall,\r\nRajivnagar 2nd Stage,\r\nMysore - 570019',NULL,'','Mysore','Karnataka','570019','','','08/05/2014','2 years','47','1','0','0','0','','',0,64,111,48,'0'),(493,'Farooqia Girls Composit P.U. College','08212439663','','Muslim\'s Girls Orphanage Building,\r\nAshoka Road West Cross 18th\r\nLashkar Mohalla,\r\nMysore - 570001',NULL,'','Mysore','Karnataka','570001','','','08/05/2014','1 year','23','1','0','0','0','','',0,64,87,24,'0'),(494,'Farooqia Girls High School II','08212451584','','Azeez Sait Nagar,\r\nBedi Colony,\r\nMysore - 570019',NULL,'','Mysore','Karnataka','570019','','','08/05/2014','1 year','23','1','0','0','0','','',0,64,87,24,'0'),(495,'Farooqia Girls High School I','08212440204','','Dawood Khan Street,\r\nNear 5th Light Circle,\r\nLashkar Mohalla,\r\nMysore - 570001',NULL,'','Mysore','Karnataka','570001','','','08/05/2014','1 year','23','1','0','0','0','','',0,64,87,24,'0'),(496,'Farooqia B.Ed. College','08212454238','','Azeez Sait Road,\r\nUdaiyagiri,\r\nSignal Light Circle,\r\nMysore - 570019',NULL,'','Mysore','Karnataka','570019','','','08/05/2014','1 year','23','1','0','0','0','','',0,64,87,24,'0'),(497,'Farooqia Women Polytechnic','08212448180','','Azeez Sait Road,\r\nSignal Light Circle,\r\nUdaiyagiri,\r\nMysore - 570019','','','Mysore','Karnataka','570019','','','08/05/2014','1 year','23','1','0','0','0','','',0,64,87,24,NULL),(498,'Shabir Mustafa','9343713664','','No. 181, 5th Main,\r\nBanimantap \'E\' Layout,\r\nMysore - 570015',NULL,'','Mysore','Karnataka','570015','','','08/05/2014','2 years','47','1','0','0','0','','',0,64,111,48,'0'),(499,'The Crescent','08479243520','','Minority Credit Cooperative Society Ltd.\r\nPalki Complex,\r\nBidar - Bangalore Road,\r\nShahpur,\r\nYadgir - 585223',NULL,'','Yadgir','Karnataka','585223','','','08/05/2014','1 year','23','1','0','0','0','','',0,64,87,24,'0'),(500,'Ismail Chand','9886141011','','Secretary,\r\nAnjuman Hyath-e-Nau Urdu Primary School,\r\nKazi Colony,\r\nAdilpur Mohalla,\r\nShahpur,\r\nYadgir - 585223',NULL,'','Yadgir','Karnataka','585223','','','08/05/2014','1 year','23','1','0','0','0','','',0,64,87,24,'0'),(501,'Syed Nasir Hussain','9448505836','','No. 174, 2nd Floor,\r\n3rd Cross, Central Excise Layout,\r\nBhoopsandra RMV 2nd Stage,\r\nBangalore - 560094',NULL,'','Bangalore','Karnataka','560094','','','08/05/2014','1 year','23','0','0','0','0','','',0,64,87,24,'1'),(502,'Janseva Cooperative Credit Society Ltd.','','','No. 7/25 - A, 2nd Floor,\r\nGrants Building,\r\n17, Arthur Bunder Road,\r\nColaba,\r\nMumbai - 400005',NULL,'','Mumbai','Maharashtra','400005','','','08/05/2014','1 year','23','0','0','0','0','','',0,64,87,24,'1'),(503,'Janseva Cooperative Credit Society Ltd.','02222818178','','AICMEU, \r\nVazir Building, 1st Floor,\r\n179, I.R. Road,\r\nMumbai - 400003',NULL,'','Mumbai','Maharashtra','400003','','janseva@janseva.in','08/05/2014','1 year','23','0','0','0','0','','',0,64,87,24,'1'),(504,'Arif','','','No. 2100/3, \r\n16th G Main,\r\nHAL 2nd Stage,\r\nIndiranagar,\r\nBangalore - 560038',NULL,'','Bangalore','Karnataka','560038','','','08/05/2014','1 year','23','0','0','0','0','','',0,64,87,24,'1'),(505,'Hope Foundation','9972166334','','No. 18, Tejus,\r\nSaraswathi Ammal Road,\r\nMaruthi Seva Nagar,\r\nBangalore - 560033',NULL,'','Bangalore','Karnataka','560033','','','08/05/2014','1 year','23','0','0','0','0','','',0,64,87,24,'1'),(506,'S. Afaque Imam','','','Oriental High School & P.U. College\r\nIlyasnagar,\r\nBangalore - 560078',NULL,'','Bangalore','Karnataka','560078','','','08/05/2014','1 year','23','0','0','0','0','','',0,64,87,24,'1'),(507,'Mohamed Sayeedulla','9492731646','','No. 150 \'B\' Block,\r\nSubhash Nagar,\r\nChikku Beguru,\r\nBangalore - 560068',NULL,'','Bangalore','Karnataka','560068','','','08/05/2014','1 year','23','0','0','0','0','','',0,64,87,24,'1'),(508,'Abdul Munaf','','','National Glass Playwood Paints\r\nC.N. Road,\r\nOpp. Taj Hotel,\r\nBhadravathi,\r\nShimoga - 577301',NULL,'','Shimoga','Karnataka','577301','','','08/05/2014','1 year','23','0','0','0','0','','',0,64,87,24,'1'),(509,'Ameer Ahmed','9980833620','','Retd. Inspector of School\r\nNo. 32/2, Slaughter House,\r\n\'A\' Road Cross,\r\nShivajinagar,\r\nBangalore - 560051',NULL,'','Bangalore','Karnataka','560051','','','08/05/2014','1 year','23','0','0','0','0','','',0,64,87,24,'1'),(510,'Firdous Zehra','9880364843','','No. 212, A2,\r\n2nd Floor, Ganga Block,\r\nN.G.V. Kormangala,\r\nBangalore - 560047',NULL,'','Bangalore','Karnataka','560047','','','08/05/2014','1 year','23','0','0','0','0','','',0,64,87,24,'1'),(511,'Farhan Hoda','9620147471','','NGC Network India Pvt. Ltd.\r\n3rd Floor, Embassy Point\r\nInfantry Road,\r\nBangalore - 560001',NULL,'','Bangalore','Karnataka','560001','','','08/05/2014','1 year','23','0','0','0','0','','',0,64,87,24,'1'),(512,'Babu Mathew','','','Grace Residency,\r\nFlat No. 103, 2nd Cross,\r\nHBR Layout 3rd Block,\r\nBangalore - 560043',NULL,'','Bangalore','Karnataka','560043','','','08/05/2014','1 year','23','0','0','0','0','','',0,64,87,24,'1'),(513,'Karnataka Pradesh Janta Dala (S)','','','No. 3, Race Course Road,\r\nBangalore - 560001','','','Bangalore','Karnataka','560001','','','08/05/2014','1 year','23','0','0','0',NULL,'','',0,NULL,NULL,NULL,'1'),(514,'Syed Shafiulla','9900221111','','No. 102, Casa Blanca,\r\nNo. 35, Norris Road,\r\nRichmond Town,\r\nBangalore - 560025',NULL,'','Bangalore','Karnataka','560025','','','08/05/2014','1 year','23','0','0','0','0','','',0,64,87,24,'1'),(515,'Dr. Abdul Salam Mohammed','09544712223','','Markaz Complex,\r\nP.O. Puthiyara\r\nCalicut - 673004',NULL,'','Calicut','Kerala','673004','','','08/05/2014','1 year','23','0','0','0','0','','',0,64,87,24,'1'),(516,'Wajid S.A.','9845458859','','Managing Trustee\r\nInsight Educational Trust,\r\nNo. 20, Vasanthpura Main Road,\r\nOff. Kanakapur Road,\r\nBangalore - 560062',NULL,'','Bangalore','Karnataka','560062','','','08/05/2014','1 year','23','0','0','0','0','','',0,64,87,24,'1'),(517,'M.N. Sri Ram','08023561257','','Socialist Unity Centre of India (Communist)\r\nNo. 31, 3rd Cross, \r\nMalleswaram,\r\nBangalore - 560003',NULL,'','Bangalore','Karnataka','560003','','','08/05/2014','1 year','23','0','0','0','0','','',0,64,87,24,'1'),(518,'G.A. Akmal','9845545255','','Engineers, Developers & Realtors\r\nNo. 3/1, Clark Road,\r\nRichard Town,\r\nBangalore - 560005',NULL,'','Bangalore','Karnataka','560005','','','08/05/2014','1 year','23','0','0','0','0','','',0,64,87,24,'1'),(519,'Dr. Syed Sirajuddin','7259993029','','No. 64, 9th \'B\' Main Road,\r\nOpp. Banaswadi Sub Registrar Office,\r\nBangalore - 560043',NULL,'','Bangalore','Karnataka','560043','','','08/05/2014','1 year','23','0','0','0','0','','',0,64,87,24,'1'),(520,'Milansaar Family Shop','','','\'Palace Mahal\'\r\nSeppings Road,\r\nNear Taj hotel,\r\nShivajinagar,\r\nBangalore - 560001',NULL,'','Bangalore','Karnataka','560001','','','08/05/2014','1 year','23','0','0','0','0','','',0,64,87,24,'1'),(521,'SABOO','','','Vayudooth Chambers,\r\nTrinity Circle,\r\nM.G. Road,\r\nBangalore - 560001',NULL,'','Bangalore','Karnataka','560001','','','08/05/2014','1 year','23','0','0','0','0','','',0,64,87,24,'1'),(522,'Varsidhi','','','No. 661, 11th Main Road,\r\n4th Block,\r\nJayanagar,\r\nBangalore - 560011',NULL,'','Bangalore','Karnataka','560011','','','08/05/2014','1 year','23','0','0','0','0','','',0,64,87,24,'1'),(523,'Dhondusa Fabrics','','','No. 593/1, (opp. Vijayalakshmi Theatre)\r\nChickpet,\r\nBangalore - 560053',NULL,'','Bangalore','Karnataka','560053','','','08/05/2014','1 year','23','0','0','0','0','','',0,64,87,24,'1'),(524,'Luna Sweets','','','No. 117, \r\n10th Main BTM Layout,\r\n1st Stage,\r\nBangalore - 560029',NULL,'','Bangalore','Karnataka','560029','','','08/05/2014','1 year','23','0','0','0','0','','',0,64,87,24,'1'),(525,'Secretary','08022132587','','HHS & HMS\r\nIndustrial Training Institute\r\nHazrath Hameed Shah Complex,\r\nCubbonpet Main Road,\r\nBangalore - 560002',NULL,'','Bangalore','Karnataka','560002','','','08/05/2014','1 year','23','0','0','0','0','','',0,64,87,24,'1'),(526,'Western Stores','08025595060','','No. 176/2, Commercial Street,\r\nBangalore - 560001',NULL,'','Bangalore','Karnataka','560001','','','08/05/2014','1 year','23','0','0','0','0','','',0,64,87,24,'1'),(527,'AFMI','','','N.B. Complex\r\nPirbordi Chakla,\r\nKadi - 382715',NULL,'','Kadi','Gujarat','382715','','','08/05/2014','1 year','23','0','0','0','0','','',0,64,87,24,'1'),(528,'Ajmal Perfumes','','','Shop No. 17/18,\r\nGround Floor, Safina Plaza,\r\nInfantry Road,\r\nBangalore - 560001',NULL,'','Bangalore','Karnataka','560001','','','08/05/2014','1 year','23','0','0','0','0','','',0,64,87,24,'1'),(529,'Ajmal Perfumes','','','3/24, Kamal Mansion,\r\nArthur Bunder Road,\r\nColaba,\r\nMumbai - 400005',NULL,'','Mumbai','Maharashtra','400005','','','08/05/2014','1 year','23','0','0','0','0','','',0,64,87,24,'1'),(530,'Beig Mirza','9902573432','','Flat No. 107,\r\nRadiant Celesta,\r\nKodi Chikanahalli,\r\nBangalore - 560076',NULL,'','Bangalore','Karnataka','560076','','','08/06/2014','1 year','23','0','0','0','0','','',0,64,87,24,'1'),(531,'The Infantry Hotel','','','No. 66, Infantry Road,\r\nBangalore - 560001',NULL,'','Bangalore','Karnataka','560001','','','08/06/2014','1 year','23','0','0','0','0','','',0,64,87,24,'1'),(532,'Frmina Cut Piece','','','No. 252, Seppings Road,\r\nNear Palace Mall,\r\nShivajinagar,\r\nBangalore - 560001',NULL,'','Bangalore','Karnataka','560001','','','08/06/2014','1 year','23','0','0','0','0','','',0,64,87,24,'1'),(533,'Favourite Shop','','','No. 23, Commercial Street,\r\nBangalore - 560001',NULL,'','Bangalore','Karnataka','560001','','','08/06/2014','1 year','23','0','0','0','0','','',0,64,87,24,'1'),(534,'Usha Sarees','','','No. 29, Jumma Masjid Main Road,\r\nAvenue Road Cross,\r\nBangalore - 560002',NULL,'','Bangalore','Karnataka','560002','','','08/06/2014','1 year','23','0','0','0','0','','',0,64,87,24,'1'),(535,'Nikhaar Collection','','','No. 16, Arunachalam,\r\nMudaliar Road,\r\nShivajinagar,\r\nBangalore - 560051',NULL,'','Bangalore','Karnataka','560051','','','08/06/2014','1 year','23','0','0','0','0','','',0,64,87,24,'1'),(536,'Madrasa Islahun Nisa','9980963064','','No. 23, 2nd Cross,\r\nSheshadri Road,\r\nMarappa Garden,\r\nBangalore - 560046',NULL,'','Bangalore','Karnataka','560046','','','08/06/2014','1 year','23','0','0','0','0','','',0,64,87,24,'1'),(537,'Shaheed Poultry','','','No. 28/29, H.K.P. Road Cross,\r\nShivajinagar,\r\nBangalore - 560051',NULL,'','Bangalore','Karnataka','560051','','','08/06/2014','1 year','23','0','0','0','0','','',0,64,87,24,'1'),(538,'Dr. Ghouse Muhiuddin','','','C/o. Peoples Poly Clinic,\r\nNo. 62, 3rd Cross,\r\nKalasipalyam New Extn.\r\nBangalore - 560002',NULL,'','Bangalore','Karnataka','560002','','','08/06/2014','1 year','23','0','0','0','0','','',0,64,87,24,'1'),(539,'Injaz International','08042088111','','No. 302, 3rd Floor,\r\nCity Casa 2/2 (Near Corporation Bank),\r\nBassappa Road,\r\nShantinagar,\r\nBangalore - 560027',NULL,'','Bangalore','Karnataka','560027','','','08/06/2014','1 year','23','0','0','0','0','','',0,64,87,24,'1'),(540,'Muneer\'s M.K. Caterers','','','No. 20/2, Bradshaw Street,\r\nHaines Road Cross,\r\nBehind A.K.S. Convention Centre,\r\nBangalore - 560005',NULL,'','Bangalore','Karnataka','560005','','','08/06/2014','1 year','23','0','0','0','0','','',0,64,87,24,'1'),(541,'Imperial Education Medical ','8867663975','','and Social Welfare Trust\r\nC1, 1st Floor,\r\nBUDA Complex,\r\nMothi Circle,\r\nBellary - 583101',NULL,'','Bellary','Karnataka','583101','','','08/06/2014','1 year','23','0','0','0','0','','',0,64,87,24,'1'),(542,'PARICHAY','9945198902','','No. 701, B-3,\r\n1st Floor, Hanuman Building,\r\nChickpet Main Road,\r\nBangalore - 560053',NULL,'','Bangalore','Karnataka','560053','','','08/06/2014','1 year','23','0','0','0','0','','',0,64,87,24,'1'),(543,'Faran Group of Institutions','9986596786','08025435959','No. 16, P29,\r\nKannur Village,\r\nPost Baglur,\r\nBangalore - 560149',NULL,'','Bangalore','Karnataka','560149','','','08/06/2014','1 year','23','0','0','0','0','','',0,64,87,24,'1'),(544,'Bazm-e-Niswan Charitable Trust','08022860023','','No. 37, Muniswamy Road,\r\nTasker Town,\r\nBangalore - 560051',NULL,'','Bangalore','Karnataka','560051','','','08/06/2014','1 year','23','0','0','0','0','','',0,64,87,24,'1'),(545,'Talent Research Foundation','9844773906','','Vishwas Crown,\r\nNear Cochin Bakery,\r\nKankanady,\r\nMangalore - 575002',NULL,'','Mangalore','Karnataka','575002','','','08/06/2014','1 year','23','0','0','0','0','','',0,64,87,24,'1'),(546,'SANA College','8951241819','','MAK Foundation\r\nH. No. 66, 2nd Cross,\r\nArvindnagar,\r\nHubli - 580024',NULL,'','Hubli','Karnataka','580024','','','08/06/2014','1 year','23','0','0','0','0','','',0,64,87,24,'1'),(547,'Dr. Mohammed Bukhari','9448046371','','MBA, LLB, Ph.D.\r\nJwala Petrol Bunk,\r\nDr. Ambedkar Nagar, \r\nRobertson Pet,\r\nKGF Post,\r\nKolar - 563122',NULL,'','Kolar','Karnataka','563122','','','08/07/2014','1 year','23','1','0','0','0','','',0,64,87,24,'0'),(548,'Dr. Md. Shabee Siddiqui MBBS D.D.','09820199158','','Siddiqui Nursing Home,\r\nAmrutnagar Colony,\r\nThane\r\nMumbai - 400612',NULL,'','Mumbai','Maharashtra','400612','','','08/07/2014','1 year','23','1','0','0','0','','',0,64,87,24,'0'),(549,'Dr. Moinuddin Rawoof','','','Medicon Pharma\r\nNear Mombay Colony Market\r\nThane\r\nMumbai - 400612',NULL,'','Mumbai','Maharashtra','400612','','','08/07/2014','1 year','23','1','0','0','0','','',0,64,87,24,'0'),(550,'Dr. Salahuddin Hakeem','02225462971','','Shafa Clinic\r\nNear Noorani Masjid,\r\nFamous Colony,\r\nThane,\r\nMumbai - 400612',NULL,'','Mumbai','Maharashtra','400612','','','08/07/2014','1 year','23','1','0','0','0','','',0,64,87,24,'0'),(551,'Nayeemulla Khan','','','No. 7/1, 12th Cross Road\r\nJayamahal Extension,\r\nBangalore - 560046',NULL,'','Bangalore','Karnataka','560046','','','08/07/2014','1 year','23','1','0','0','0','','',0,64,87,24,'0');
/*!40000 ALTER TABLE `personal_details` ENABLE KEYS */;
UNLOCK TABLES;
/*!40103 SET TIME_ZONE=@OLD_TIME_ZONE */;

/*!40101 SET SQL_MODE=@OLD_SQL_MODE */;
/*!40014 SET FOREIGN_KEY_CHECKS=@OLD_FOREIGN_KEY_CHECKS */;
/*!40014 SET UNIQUE_CHECKS=@OLD_UNIQUE_CHECKS */;
/*!40101 SET CHARACTER_SET_CLIENT=@OLD_CHARACTER_SET_CLIENT */;
/*!40101 SET CHARACTER_SET_RESULTS=@OLD_CHARACTER_SET_RESULTS */;
/*!40101 SET COLLATION_CONNECTION=@OLD_COLLATION_CONNECTION */;
/*!40111 SET SQL_NOTES=@OLD_SQL_NOTES */;

-- Dump completed on 2014-08-09 14:24:43
